-- phpMyAdmin SQL Dump
-- version 4.8.4
-- https://www.phpmyadmin.net/
--
-- Servidor: 127.0.0.1
-- Tiempo de generaci贸n: 13-03-2019 a las 07:23:05
-- Versi贸n del servidor: 10.1.37-MariaDB
-- Versi贸n de PHP: 7.3.1

SET SQL_MODE = "NO_AUTO_VALUE_ON_ZERO";
SET AUTOCOMMIT = 0;
START TRANSACTION;
SET time_zone = "+00:00";


/*!40101 SET @OLD_CHARACTER_SET_CLIENT=@@CHARACTER_SET_CLIENT */;
/*!40101 SET @OLD_CHARACTER_SET_RESULTS=@@CHARACTER_SET_RESULTS */;
/*!40101 SET @OLD_COLLATION_CONNECTION=@@COLLATION_CONNECTION */;
/*!40101 SET NAMES utf8mb4 */;

--
-- Base de datos: `pluginsunaterp`
--

-- --------------------------------------------------------

--
-- Estructura de tabla para la tabla `clientes`
--

CREATE TABLE `clientes` (
  `idCliente` int(11) NOT NULL,
  `cliRuc` varchar(11) NOT NULL,
  `cliRazonSocial` varchar(250) NOT NULL,
  `cliComercial` varchar(250) NOT NULL,
  `cliDomicilio` varchar(250) NOT NULL,
  `cliTelefono` varchar(50) NOT NULL,
  `cliActivo` int(11) NOT NULL DEFAULT '1'
) ENGINE=InnoDB DEFAULT CHARSET=latin1;

--
-- Volcado de datos para la tabla `clientes`
--

INSERT INTO `clientes` (`idCliente`, `cliRuc`, `cliRazonSocial`, `cliComercial`, `cliDomicilio`, `cliTelefono`, `cliActivo`) VALUES
(1, '00000000', 'Cliente simple', 'Sin documento', '-', '', 1),
(2, '3333', '22', '', '', '', 1),
(3, '44475064', 'carlos pariona', '', '', '', 1),
(4, '151616', 'pariona', '', 'av huancavelica', '', 1),
(5, '51221', 'gggg', '', '', '', 1),
(6, '4566688', 'fsadfasf', '', 'asfdfasdf', '', 1),
(7, '20602337147', 'infocat sol', '', 'av huancavalica 435', '', 1);

-- --------------------------------------------------------

--
-- Estructura de tabla para la tabla `fact_cabecera`
--

CREATE TABLE `fact_cabecera` (
  `idComprobante` int(11) NOT NULL,
  `idNegocio` int(11) DEFAULT '0',
  `idLocal` int(11) DEFAULT '0',
  `idTicket` varchar(10) NOT NULL DEFAULT '0',
  `factTipoDocumento` int(11) DEFAULT '0' COMMENT 'B(3),F(1)',
  `factSerie` varchar(10) DEFAULT '',
  `factCorrelativo` int(8) UNSIGNED ZEROFILL DEFAULT '00000000',
  `tipOperacion` varchar(4) DEFAULT '0101',
  `fechaEmision` date NOT NULL COMMENT 'Formato YYYY-MM-DD',
  `horaEmision` time NOT NULL COMMENT 'Formato 24hs HH;mm:ss',
  `fechaVencimiento` varchar(1) DEFAULT '-',
  `codLocalEmisor` varchar(3) DEFAULT '000',
  `tipDocUsuario` int(11) NOT NULL DEFAULT '0' COMMENT '0 sin DNI, 1 Dni, 6 RUC',
  `dniRUC` varchar(11) NOT NULL DEFAULT '00000000' COMMENT 'Ingresar Numero RUC o DNI',
  `razonSocial` varchar(250) NOT NULL DEFAULT 'CLIENTE SIN DOCUMENTO' COMMENT 'Nombre apellido o Razon social',
  `tipoMoneda` varchar(3) DEFAULT 'PEN' COMMENT 'PEN = soles, USD = Dolares',
  `costoFinal` float NOT NULL COMMENT 'Costos Finales',
  `IGVFinal` float NOT NULL COMMENT 'IGV Final',
  `totalFinal` float NOT NULL COMMENT 'Venta Final',
  `sumDescTotal` float DEFAULT '0',
  `sumOtrosCargos` float DEFAULT '0',
  `sumTotalAnticipos` float DEFAULT '0',
  `sumImpVenta` float NOT NULL COMMENT 'El mismo campo de totalFinal',
  `ublVersionId` varchar(3) DEFAULT '2.1',
  `customizationId` varchar(3) DEFAULT '2.0',
  `ideTributo` int(11) DEFAULT '1000',
  `nomTributo` varchar(3) DEFAULT 'IGV',
  `codTipTributo` varchar(3) DEFAULT 'VAT',
  `mtoBaseImponible` float NOT NULL COMMENT 'igual columna costoFinal',
  `mtoTributo` float NOT NULL COMMENT 'igual columna IGVFinal',
  `codLeyenda` int(11) DEFAULT '1000' COMMENT 'Siempre 1000',
  `desLeyenda` varchar(100) NOT NULL,
  `comprobanteEmitido` int(11) DEFAULT '0' COMMENT '1 emitido, 0 sin emitir aun',
  `comprobanteFechado` varchar(50) DEFAULT '',
  `cliDireccion` varchar(250) DEFAULT '',
  `factPlaca` varchar(15) DEFAULT ''
) ENGINE=InnoDB DEFAULT CHARSET=latin1;

--
-- Volcado de datos para la tabla `fact_cabecera`
--

INSERT INTO `fact_cabecera` (`idComprobante`, `idNegocio`, `idLocal`, `idTicket`, `factTipoDocumento`, `factSerie`, `factCorrelativo`, `tipOperacion`, `fechaEmision`, `horaEmision`, `fechaVencimiento`, `codLocalEmisor`, `tipDocUsuario`, `dniRUC`, `razonSocial`, `tipoMoneda`, `costoFinal`, `IGVFinal`, `totalFinal`, `sumDescTotal`, `sumOtrosCargos`, `sumTotalAnticipos`, `sumImpVenta`, `ublVersionId`, `customizationId`, `ideTributo`, `nomTributo`, `codTipTributo`, `mtoBaseImponible`, `mtoTributo`, `codLeyenda`, `desLeyenda`, `comprobanteEmitido`, `comprobanteFechado`, `cliDireccion`, `factPlaca`) VALUES
(1, 0, 0, '0', 3, 'B001', 00000001, '0101', '2019-03-01', '14:37:19', '-', '000', 1, '00000000', 'Cliente sin documento', 'PEN', 22.02, 3.96, 25.98, 0, 0, 0, 25.98, '2.1', '2.0', 1000, 'IGV', 'VAT', 22.02, 3.96, 1000, 'VEINTICINCO SOLES 98/100 MN', 1, '2019-03-01 14:37:19', '', ''),
(2, 0, 0, '0', 3, 'B001', 00000002, '0101', '2019-03-01', '14:40:15', '-', '000', 1, '00000000', 'Cliente sin documento', 'PEN', 22.02, 3.96, 25.98, 0, 0, 0, 25.98, '2.1', '2.0', 1000, 'IGV', 'VAT', 22.02, 3.96, 1000, 'VEINTICINCO SOLES 98/100 MN', 1, '2019-03-01 14:40:15', '', ''),
(3, 0, 0, '0', 3, 'INT001', 00000001, '0101', '2019-03-01', '14:40:35', '-', '000', 1, '00000000', 'Cliente sin documento', 'PEN', 22.02, 3.96, 25.98, 0, 0, 0, 25.98, '2.1', '2.0', 1000, 'IGV', 'VAT', 22.02, 3.96, 1000, 'VEINTICINCO SOLES 98/100 MN', 1, '2019-03-01 14:40:35', '', ''),
(4, 0, 0, '0', 3, 'INT001', 00000002, '0101', '2019-03-01', '14:43:58', '-', '000', 1, '00000000', 'Cliente sin documento', 'PEN', 22.02, 3.96, 25.98, 0, 0, 0, 25.98, '2.1', '2.0', 1000, 'IGV', 'VAT', 22.02, 3.96, 1000, 'VEINTICINCO SOLES 98/100 MN', 1, '2019-03-01 14:43:58', '', ''),
(5, 0, 0, '0', 3, 'INT001', 00000003, '0101', '2019-03-01', '14:58:57', '-', '000', 1, '00000000', 'Cliente sin documento', 'PEN', 31.35, 5.64, 36.99, 0, 0, 0, 36.99, '2.1', '2.0', 1000, 'IGV', 'VAT', 31.35, 5.64, 1000, 'TREINTA Y SEIS SOLES 99/100 MN', 1, '2019-03-01 14:58:57', '', ''),
(6, 0, 0, '0', 3, 'B001', 00000003, '0101', '2019-03-01', '15:13:17', '-', '000', 1, '00000000', 'Cliente sin documento', 'PEN', 31.35, 5.64, 36.99, 0, 0, 0, 36.99, '2.1', '2.0', 1000, 'IGV', 'VAT', 31.35, 5.64, 1000, 'TREINTA Y SEIS SOLES 99/100 MN', 1, '2019-03-01 15:13:17', '', ''),
(7, 0, 0, '0', 3, 'B001', 00000004, '0101', '2019-03-01', '15:14:04', '-', '000', 1, '00000000', 'Cliente sin documento', 'PEN', 22.02, 3.96, 25.98, 0, 0, 0, 25.98, '2.1', '2.0', 1000, 'IGV', 'VAT', 22.02, 3.96, 1000, 'VEINTICINCO SOLES 98/100 MN', 1, '2019-03-01 15:14:04', '', ''),
(8, 0, 0, '0', 3, 'B001', 00000005, '0101', '2019-03-01', '15:14:12', '-', '000', 1, '00000000', 'Cliente sin documento', 'PEN', 31.35, 5.64, 36.99, 0, 0, 0, 36.99, '2.1', '2.0', 1000, 'IGV', 'VAT', 31.35, 5.64, 1000, 'TREINTA Y SEIS SOLES 99/100 MN', 1, '2019-03-01 15:14:12', '', ''),
(9, 0, 0, '0', 3, 'INT001', 00000004, '0101', '2019-03-01', '15:14:32', '-', '000', 1, '00000000', 'Cliente sin documento', 'PEN', 20.9, 3.76, 24.66, 0, 0, 0, 24.66, '2.1', '2.0', 1000, 'IGV', 'VAT', 20.9, 3.76, 1000, 'VEINTICUATRO SOLES 66/100 MN', 1, '2019-03-01 15:14:32', '', ''),
(10, 0, 0, '0', 3, 'B001', 00000006, '0101', '2019-03-01', '15:14:42', '-', '000', 1, '00000000', 'Cliente sin documento', 'PEN', 22.02, 3.96, 25.98, 0, 0, 0, 25.98, '2.1', '2.0', 1000, 'IGV', 'VAT', 22.02, 3.96, 1000, 'VEINTICINCO SOLES 98/100 MN', 1, '2019-03-01 15:14:42', '', ''),
(11, 0, 0, '0', 3, 'B001', 00000007, '0101', '2019-03-01', '15:15:07', '-', '000', 1, '00000000', 'Cliente sin documento', 'PEN', 31.35, 5.64, 36.99, 0, 0, 0, 36.99, '2.1', '2.0', 1000, 'IGV', 'VAT', 31.35, 5.64, 1000, 'TREINTA Y SEIS SOLES 99/100 MN', 1, '2019-03-01 15:15:07', '', ''),
(12, 0, 0, '0', 3, 'B001', 00000008, '0101', '2019-03-01', '15:15:24', '-', '000', 1, '00000000', 'Cliente sin documento', 'PEN', 33.03, 5.94, 38.97, 0, 0, 0, 38.97, '2.1', '2.0', 1000, 'IGV', 'VAT', 33.03, 5.94, 1000, 'TREINTA Y OCHO SOLES 97/100 MN', 1, '2019-03-01 15:15:24', '', ''),
(13, 0, 0, '0', 3, 'F001', 00000001, '0101', '2019-03-01', '16:20:05', '-', '000', 6, '20602337147', 'infocat soluciones', 'PEN', 50.85, 9.15, 60, 0, 0, 0, 60, '2.1', '2.0', 1000, 'IGV', 'VAT', 50.85, 9.15, 1000, 'SESENTA SOLES 0/100 MN', 1, '2019-03-01 16:20:05', 'av hvca', 'mun-5ff'),
(14, 0, 0, '0', 3, 'F001', 00000002, '0101', '2019-03-01', '16:21:49', '-', '000', 6, '20602337147', 'mmamama', 'PEN', 49.07, 8.83, 57.9, 0, 0, 0, 57.9, '2.1', '2.0', 1000, 'IGV', 'VAT', 49.07, 8.83, 1000, 'CINCUENTA Y SIETE SOLES 90/100 MN', 1, '2019-03-01 16:21:49', 'dasd', 'dqwdqw'),
(15, 0, 0, '0', 1, 'F001', 00000003, '0101', '2019-03-01', '16:23:14', '-', '000', 6, '50509090911', 'rfsf', 'PEN', 5.08, 0.92, 6, 0, 0, 0, 6, '2.1', '2.0', 1000, 'IGV', 'VAT', 5.08, 0.92, 1000, 'SEIS SOLES 0/100 MN', 1, '2019-03-01 16:23:14', 'fffffsd', 'fsd2'),
(16, 0, 0, '0', 3, 'B001', 00000009, '0101', '2019-03-01', '17:05:03', '-', '000', 1, '44475064', 'carlos pariona', 'PEN', 3.39, 0.61, 4, 0, 0, 0, 4, '2.1', '2.0', 1000, 'IGV', 'VAT', 3.39, 0.61, 1000, 'CUATRO SOLES 0/100 MN', 1, '2019-03-01 17:05:03', '', ''),
(17, 0, 0, '0', 3, 'B001', 00000010, '0101', '2019-03-01', '17:21:37', '-', '000', 1, '00000000', 'Cliente sin documento', 'PEN', 20.9, 3.76, 24.66, 0, 0, 0, 24.66, '2.1', '2.0', 1000, 'IGV', 'VAT', 20.9, 3.76, 1000, 'VEINTICUATRO SOLES 66/100 MN', 1, '2019-03-01 17:21:37', '', ''),
(18, 0, 0, '0', 3, 'B001', 00000011, '0101', '2019-03-01', '17:25:42', '-', '000', 0, '4566688', 'fsadfasf', 'PEN', 20.9, 3.76, 24.66, 0, 0, 0, 24.66, '2.1', '2.0', 1000, 'IGV', 'VAT', 20.9, 3.76, 1000, 'VEINTICUATRO SOLES 66/100 MN', 1, '2019-03-01 17:25:42', 'asfdfasdf', ''),
(19, 0, 0, '0', 1, 'F001', 00000004, '0101', '2019-03-01', '17:29:56', '-', '000', 6, '10444750648', 'dqwdqw qw qwyyty', 'PEN', 76.9, 13.84, 90.74, 0, 0, 0, 90.74, '2.1', '2.0', 1000, 'IGV', 'VAT', 76.9, 13.84, 1000, 'NOVENTA SOLES 74/100 MN', 1, '2019-03-01 17:29:56', 'fsdafas qwee', '3516346435'),
(20, 0, 0, '0', 3, 'B001', 00000012, '0101', '2019-03-03', '21:49:53', '-', '000', 1, '00000000', 'Cliente sin documento', 'PEN', 9.81, 1.77, 11.58, 0, 0, 0, 11.58, '2.1', '2.0', 1000, 'IGV', 'VAT', 9.81, 1.77, 1000, 'ONCE SOLES 58/100 MN', 1, '2019-03-03 21:49:53', '', ''),
(21, 0, 0, '0', 3, 'B001', 00000013, '0101', '2019-03-03', '21:52:54', '-', '000', 1, '00000000', 'Cliente sin documento', 'PEN', 52.25, 9.4, 61.65, 0, 0, 0, 61.65, '2.1', '2.0', 1000, 'IGV', 'VAT', 52.25, 9.4, 1000, 'SESENTA Y UN SOLES 65/100 MN', 1, '2019-03-03 21:52:54', '', ''),
(22, 0, 0, '0', 1, 'F001', 00000005, '0101', '2019-03-03', '21:54:33', '-', '000', 6, '20602337147', 'infocat sol', 'PEN', 60.73, 10.93, 71.66, 0, 0, 0, 71.66, '2.1', '2.0', 1000, 'IGV', 'VAT', 60.73, 10.93, 1000, 'SETENTA Y UN SOLES 66/100 MN', 1, '2019-03-03 21:54:33', 'av huancavalica 435', 'abc123'),
(23, 0, 0, '0', 3, 'B001', 00000014, '0101', '2019-03-12', '19:50:20', '-', '000', 1, '00000000', 'Cliente sin documento', 'PEN', 8.47, 1.53, 10, 0, 0, 0, 10, '2.1', '2.0', 1000, 'IGV', 'VAT', 8.47, 1.53, 1000, 'DIEZ SOLES 0/100 MN', 1, '2019-03-12 19:50:20', '', ''),
(24, 0, 0, '0', 3, 'B001', 00000015, '0101', '2019-03-12', '22:14:38', '-', '000', 1, '00000000', 'Cliente sin documento', 'PEN', 5.08, 0.92, 6, 0, 0, 0, 6, '2.1', '2.0', 1000, 'IGV', 'VAT', 5.08, 0.92, 1000, 'SEIS SOLES 0/100 MN', 1, '2019-03-12 22:14:38', '', ''),
(25, 0, 0, '0', 3, 'B001', 00000016, '0101', '2019-03-12', '22:15:59', '-', '000', 1, '00000000', 'Cliente sin documento', 'PEN', 5.08, 0.92, 6, 0, 0, 0, 6, '2.1', '2.0', 1000, 'IGV', 'VAT', 5.08, 0.92, 1000, 'SEIS SOLES 0/100 MN', 1, '2019-03-12 22:15:59', '', ''),
(26, 0, 0, '0', 3, 'B001', 00000017, '0101', '2019-03-12', '22:16:12', '-', '000', 1, '00000000', 'Cliente sin documento', 'PEN', 5.08, 0.92, 6, 0, 0, 0, 6, '2.1', '2.0', 1000, 'IGV', 'VAT', 5.08, 0.92, 1000, 'SEIS SOLES 0/100 MN', 1, '2019-03-12 22:16:12', '', ''),
(27, 0, 0, '0', 3, 'B001', 00000018, '0101', '2019-03-12', '22:16:19', '-', '000', 1, '00000000', 'Cliente sin documento', 'PEN', 5.08, 0.92, 6, 0, 0, 0, 6, '2.1', '2.0', 1000, 'IGV', 'VAT', 5.08, 0.92, 1000, 'SEIS SOLES 0/100 MN', 1, '2019-03-12 22:16:19', '', ''),
(28, 0, 0, '0', 3, 'B001', 00000019, '0101', '2019-03-12', '22:16:52', '-', '000', 1, '00000000', 'Cliente sin documento', 'PEN', 5.08, 0.92, 6, 0, 0, 0, 6, '2.1', '2.0', 1000, 'IGV', 'VAT', 5.08, 0.92, 1000, 'SEIS SOLES 0/100 MN', 1, '2019-03-12 22:16:52', '', ''),
(29, 0, 0, '0', 3, 'B001', 00000020, '0101', '2019-03-12', '22:18:04', '-', '000', 1, '00000000', 'Cliente sin documento', 'PEN', 22.03, 3.97, 26, 0, 0, 0, 26, '2.1', '2.0', 1000, 'IGV', 'VAT', 22.03, 3.97, 1000, 'VEINTISEIS SOLES 0/100 MN', 1, '2019-03-12 22:18:04', '', ''),
(30, 0, 0, '0', 3, 'B001', 00000021, '0101', '2019-03-12', '22:19:30', '-', '000', 1, '00000000', 'Cliente sin documento', 'PEN', 34.75, 6.25, 41, 0, 0, 0, 41, '2.1', '2.0', 1000, 'IGV', 'VAT', 34.75, 6.25, 1000, 'CUARENTA Y UN SOLES 0/100 MN', 1, '2019-03-12 22:19:30', '', ''),
(31, 0, 0, '0', 3, 'B001', 00000022, '0101', '2019-03-12', '22:25:21', '-', '000', 1, '00000000', 'Cliente sin documento', 'PEN', 45.76, 8.24, 54, 0, 0, 0, 54, '2.1', '2.0', 1000, 'IGV', 'VAT', 45.76, 8.24, 1000, 'CINCUENTA Y CUATRO SOLES 0/100 MN', 1, '2019-03-12 22:25:21', '', ''),
(32, 0, 0, '0', 3, 'B001', 00000023, '0101', '2019-03-12', '22:26:08', '-', '000', 1, '00000000', 'Cliente sin documento', 'PEN', 5.08, 0.92, 6, 0, 0, 0, 6, '2.1', '2.0', 1000, 'IGV', 'VAT', 5.08, 0.92, 1000, 'SEIS SOLES 0/100 MN', 1, '2019-03-12 22:26:08', '', ''),
(33, 0, 0, '0', 3, 'B001', 00000024, '0101', '2019-03-12', '22:28:24', '-', '000', 1, '00000000', 'Cliente sin documento', 'PEN', 45.76, 8.24, 54, 0, 0, 0, 54, '2.1', '2.0', 1000, 'IGV', 'VAT', 45.76, 8.24, 1000, 'CINCUENTA Y CUATRO SOLES 0/100 MN', 1, '2019-03-12 22:28:24', '', ''),
(34, 0, 0, '0', 3, 'B001', 00000025, '0101', '2019-03-12', '22:29:10', '-', '000', 1, '00000000', 'Cliente sin documento', 'PEN', 2.54, 0.46, 3, 0, 0, 0, 3, '2.1', '2.0', 1000, 'IGV', 'VAT', 2.54, 0.46, 1000, 'TRES SOLES 0/100 MN', 1, '2019-03-12 22:29:10', '', ''),
(35, 0, 0, '0', 3, 'B001', 00000026, '0101', '2019-03-12', '22:29:23', '-', '000', 1, '00000000', 'Cliente sin documento', 'PEN', 3.39, 0.61, 4, 0, 0, 0, 4, '2.1', '2.0', 1000, 'IGV', 'VAT', 3.39, 0.61, 1000, 'CUATRO SOLES 0/100 MN', 1, '2019-03-12 22:29:23', '', ''),
(36, 0, 0, '0', 3, 'B001', 00000027, '0101', '2019-03-12', '22:30:17', '-', '000', 1, '00000000', 'Cliente sin documento', 'PEN', 1.69, 0.31, 2, 0, 0, 0, 2, '2.1', '2.0', 1000, 'IGV', 'VAT', 1.69, 0.31, 1000, 'DOS SOLES 0/100 MN', 1, '2019-03-12 22:30:17', '', ''),
(37, 0, 0, '0', 3, 'B001', 00000028, '0101', '2019-03-12', '22:31:09', '-', '000', 1, '00000000', 'Cliente sin documento', 'PEN', 1.69, 0.31, 2, 0, 0, 0, 2, '2.1', '2.0', 1000, 'IGV', 'VAT', 1.69, 0.31, 1000, 'DOS SOLES 0/100 MN', 1, '2019-03-12 22:31:09', '', ''),
(38, 0, 0, '0', 3, 'B001', 00000029, '0101', '2019-03-12', '22:31:39', '-', '000', 1, '00000000', 'Cliente sin documento', 'PEN', 1.69, 0.31, 2, 0, 0, 0, 2, '2.1', '2.0', 1000, 'IGV', 'VAT', 1.69, 0.31, 1000, 'DOS SOLES 0/100 MN', 1, '2019-03-12 22:31:39', '', ''),
(39, 0, 0, '0', 3, 'B001', 00000030, '0101', '2019-03-12', '22:33:12', '-', '000', 1, '00000000', 'Cliente sin documento', 'PEN', 214.41, 38.59, 253, 0, 0, 0, 253, '2.1', '2.0', 1000, 'IGV', 'VAT', 214.41, 38.59, 1000, 'DOSCIENTOS CINCUENTA Y TRES SOLES 0/100 MN', 1, '2019-03-12 22:33:12', '', ''),
(40, 0, 0, '0', 3, 'B001', 00000031, '0101', '2019-03-12', '23:58:51', '-', '000', 1, '00000000', 'Cliente sin documento', 'PEN', 8.47, 1.53, 10, 0, 0, 0, 10, '2.1', '2.0', 1000, 'IGV', 'VAT', 8.47, 1.53, 1000, 'DIEZ SOLES 0/100 MN', 1, '2019-03-12 23:58:51', '', ''),
(41, 0, 0, '0', 3, 'B001', 00000032, '0101', '2019-03-12', '23:59:39', '-', '000', 1, '00000000', 'Cliente sin documento', 'PEN', 33.05, 5.95, 39, 0, 0, 0, 39, '2.1', '2.0', 1000, 'IGV', 'VAT', 33.05, 5.95, 1000, 'TREINTA Y NUEVE SOLES 0/100 MN', 1, '2019-03-12 23:59:39', '', ''),
(42, 0, 0, '0', 1, 'F001', 00000006, '0101', '2019-03-13', '00:01:08', '-', '000', 6, '20602337147', 'infocat sol', 'PEN', 6.78, 1.22, 8, 0, 0, 0, 8, '2.1', '2.0', 1000, 'IGV', 'VAT', 6.78, 1.22, 1000, 'OCHO SOLES 0/100 MN', 1, '2019-03-13 00:01:08', 'av huancavalica 435', ''),
(43, 0, 0, '0', 1, 'F001', 00000007, '0101', '2019-03-13', '00:03:06', '-', '000', 6, '20602337147', 'infocat sol', 'PEN', 15.25, 2.75, 18, 0, 0, 0, 18, '2.1', '2.0', 1000, 'IGV', 'VAT', 15.25, 2.75, 1000, 'DIECIOCHO SOLES 0/100 MN', 1, '2019-03-13 00:03:06', 'av huancavalica 435', ''),
(44, 0, 0, '0', 1, 'F001', 00000008, '0101', '2019-03-13', '00:06:01', '-', '000', 6, '20602337147', 'infocat sol', 'PEN', 45.76, 8.24, 54, 0, 0, 0, 54, '2.1', '2.0', 1000, 'IGV', 'VAT', 45.76, 8.24, 1000, 'CINCUENTA Y CUATRO SOLES 0/100 MN', 1, '2019-03-13 00:06:01', 'av huancavalica 435', ''),
(45, 0, 0, '0', 1, 'F001', 00000009, '0101', '2019-03-13', '00:06:32', '-', '000', 6, '20602337147', 'infocat sol', 'PEN', 15.25, 2.75, 18, 0, 0, 0, 18, '2.1', '2.0', 1000, 'IGV', 'VAT', 15.25, 2.75, 1000, 'DIECIOCHO SOLES 0/100 MN', 1, '2019-03-13 00:06:32', 'av huancavalica 435', ''),
(46, 0, 0, '0', 1, 'F001', 00000010, '0101', '2019-03-13', '00:07:23', '-', '000', 6, '20602337147', 'infocat sol', 'PEN', 10.17, 1.83, 12, 0, 0, 0, 12, '2.1', '2.0', 1000, 'IGV', 'VAT', 10.17, 1.83, 1000, 'DOCE SOLES 0/100 MN', 1, '2019-03-13 00:07:23', 'av huancavalica 435', ''),
(47, 0, 0, '0', 1, 'F001', 00000011, '0101', '2019-03-13', '00:09:44', '-', '000', 6, '20602337147', 'infocat sol', 'PEN', 88.14, 15.86, 104, 0, 0, 0, 104, '2.1', '2.0', 1000, 'IGV', 'VAT', 88.14, 15.86, 1000, 'CIENTO CUATRO SOLES 0/100 MN', 1, '2019-03-13 00:09:44', 'av huancavalica 435', ''),
(48, 0, 0, '0', 3, 'B001', 00000033, '0101', '2019-03-13', '00:10:33', '-', '000', 1, '00000000', 'Cliente sin documento', 'PEN', 6.78, 1.22, 8, 0, 0, 0, 8, '2.1', '2.0', 1000, 'IGV', 'VAT', 6.78, 1.22, 1000, 'OCHO SOLES 0/100 MN', 1, '2019-03-13 00:10:33', '', ''),
(49, 0, 0, '0', 3, 'B001', 00000034, '0101', '2019-03-13', '00:12:11', '-', '000', 1, '00000000', 'Cliente sin documento', 'PEN', 21.19, 3.81, 25, 0, 0, 0, 25, '2.1', '2.0', 1000, 'IGV', 'VAT', 21.19, 3.81, 1000, 'VEINTICINCO SOLES 0/100 MN', 1, '2019-03-13 00:12:11', '', ''),
(50, 0, 0, '0', 1, 'F001', 00000012, '0101', '2019-03-13', '00:12:38', '-', '000', 6, '20602337147', 'infocat sol', 'PEN', 42.37, 7.63, 50, 0, 0, 0, 50, '2.1', '2.0', 1000, 'IGV', 'VAT', 42.37, 7.63, 1000, 'CINCUENTA SOLES 0/100 MN', 1, '2019-03-13 00:12:38', 'av huancavalica 435', ''),
(51, 0, 0, '0', 1, 'F001', 00000013, '0101', '2019-03-13', '00:14:01', '-', '000', 6, '20602337147', 'infocat sol', 'PEN', 2.54, 0.46, 3, 0, 0, 0, 3, '2.1', '2.0', 1000, 'IGV', 'VAT', 2.54, 0.46, 1000, 'TRES SOLES 0/100 MN', 1, '2019-03-13 00:14:01', 'av huancavalica 435', ''),
(52, 0, 0, '0', 1, 'F001', 00000014, '0101', '2019-03-13', '00:15:06', '-', '000', 6, '20602337147', 'infocat sol', 'PEN', 6.78, 1.22, 8, 0, 0, 0, 8, '2.1', '2.0', 1000, 'IGV', 'VAT', 6.78, 1.22, 1000, 'OCHO SOLES 0/100 MN', 1, '2019-03-13 00:15:06', 'av huancavalica 435', ''),
(53, 0, 0, '0', 1, 'F001', 00000015, '0101', '2019-03-13', '00:16:51', '-', '000', 6, '20602337147', 'infocat sol', 'PEN', 42.37, 7.63, 50, 0, 0, 0, 50, '2.1', '2.0', 1000, 'IGV', 'VAT', 42.37, 7.63, 1000, 'CINCUENTA SOLES 0/100 MN', 1, '2019-03-13 00:16:51', 'av huancavalica 435', ''),
(54, 0, 0, '0', 1, 'F001', 00000016, '0101', '2019-03-13', '00:17:37', '-', '000', 6, '20602337147', 'infocat sol', 'PEN', 54.24, 9.76, 64, 0, 0, 0, 64, '2.1', '2.0', 1000, 'IGV', 'VAT', 54.24, 9.76, 1000, 'SESENTA Y CUATRO SOLES 0/100 MN', 1, '2019-03-13 00:17:37', 'av huancavalica 435', ''),
(55, 0, 0, '0', 1, 'F001', 00000017, '0101', '2019-03-13', '00:19:17', '-', '000', 6, '20602337147', 'infocat sol', 'PEN', 39.83, 7.17, 47, 0, 0, 0, 47, '2.1', '2.0', 1000, 'IGV', 'VAT', 39.83, 7.17, 1000, 'CUARENTA Y SIETE SOLES 0/100 MN', 1, '2019-03-13 00:19:17', 'av huancavalica 435', ''),
(56, 0, 0, '0', 1, 'F001', 00000018, '0101', '2019-03-13', '00:24:04', '-', '000', 6, '20602337147', 'infocat sol', 'PEN', 18.64, 3.36, 22, 0, 0, 0, 22, '2.1', '2.0', 1000, 'IGV', 'VAT', 18.64, 3.36, 1000, 'VEINTIDOS SOLES 0/100 MN', 1, '2019-03-13 00:24:04', 'av huancavalica 435', ''),
(57, 0, 0, '0', 1, 'F001', 00000019, '0101', '2019-03-13', '00:24:29', '-', '000', 6, '20602337147', 'infocat sol', 'PEN', 64.41, 11.59, 76, 0, 0, 0, 76, '2.1', '2.0', 1000, 'IGV', 'VAT', 64.41, 11.59, 1000, 'SETENTA Y SEIS SOLES 0/100 MN', 1, '2019-03-13 00:24:29', 'av huancavalica 435', ''),
(58, 0, 0, '0', 1, 'F001', 00000020, '0101', '2019-03-13', '00:26:44', '-', '000', 6, '20602337147', 'infocat sol', 'PEN', 64.75, 11.65, 76.4, 0, 0, 0, 76.4, '2.1', '2.0', 1000, 'IGV', 'VAT', 64.75, 11.65, 1000, 'SETENTA Y SEIS SOLES 40/100 MN', 1, '2019-03-13 00:26:44', 'av huancavalica 435', '');

-- --------------------------------------------------------

--
-- Estructura de tabla para la tabla `fact_detalle`
--

CREATE TABLE `fact_detalle` (
  `codItem` int(11) NOT NULL,
  `idNegocio` int(11) DEFAULT '0',
  `idLocal` int(11) DEFAULT '0',
  `idTicket` varchar(10) DEFAULT '' COMMENT 'Para unit productos y tickets',
  `facSerieCorre` varchar(50) NOT NULL,
  `codUnidadMedida` varchar(3) DEFAULT 'GLI',
  `cantidadItem` float NOT NULL COMMENT 'cantidad de unidades del producto',
  `codProductoSUNAT` varchar(1) DEFAULT '-',
  `codProducto` varchar(15) DEFAULT NULL,
  `descripcionItem` varchar(250) NOT NULL COMMENT 'texto del producto',
  `valorUnitario` float NOT NULL COMMENT 'valor base del producto sin IGV',
  `igvUnitario` float NOT NULL COMMENT 'igv del producto calculado',
  `codTriIGV` int(11) DEFAULT '1000',
  `mtoIgvItem` float NOT NULL COMMENT 'cantidad * igvUnitario',
  `valorItem` float NOT NULL COMMENT 'cantidad * valor unitario (sin IGV)',
  `nomTributoIgvItem` varchar(3) DEFAULT 'IGV',
  `codTipTributoIgvItem` varchar(3) DEFAULT 'VAT',
  `tipAfeIGV` int(11) DEFAULT '10',
  `porIgvItem` int(11) DEFAULT '18',
  `codTriISC` varchar(1) DEFAULT '-',
  `mtoIscItem` int(11) DEFAULT '0',
  `mtoBaseIscItem` int(11) DEFAULT '0',
  `nomTributoIscItem` varchar(1) DEFAULT '',
  `codTipTributoIscItem` varchar(1) DEFAULT '',
  `tipSisISC` varchar(1) DEFAULT '',
  `porIscItem` int(1) DEFAULT '15',
  `codTriOtroItem` varchar(1) DEFAULT '-',
  `mtoTriOtroItem` varchar(1) DEFAULT '',
  `mtoBaseTriOtroItem` varchar(1) DEFAULT '',
  `nomTributoIOtroItem` varchar(1) DEFAULT '',
  `codTipTributoIOtroItem` varchar(1) DEFAULT '',
  `porTriOtroItem` int(11) DEFAULT '15',
  `mtoPrecioVenta` float NOT NULL COMMENT '(valor unitario + igv) * cantidad',
  `mtoValorVenta` float NOT NULL COMMENT 'valor unitario * cantidad',
  `mtoValorReferencialUnitario` varchar(4) DEFAULT '0.00',
  `fechaEmision` date NOT NULL
) ENGINE=InnoDB DEFAULT CHARSET=latin1;

--
-- Volcado de datos para la tabla `fact_detalle`
--

INSERT INTO `fact_detalle` (`codItem`, `idNegocio`, `idLocal`, `idTicket`, `facSerieCorre`, `codUnidadMedida`, `cantidadItem`, `codProductoSUNAT`, `codProducto`, `descripcionItem`, `valorUnitario`, `igvUnitario`, `codTriIGV`, `mtoIgvItem`, `valorItem`, `nomTributoIgvItem`, `codTipTributoIgvItem`, `tipAfeIGV`, `porIgvItem`, `codTriISC`, `mtoIscItem`, `mtoBaseIscItem`, `nomTributoIscItem`, `codTipTributoIscItem`, `tipSisISC`, `porIscItem`, `codTriOtroItem`, `mtoTriOtroItem`, `mtoBaseTriOtroItem`, `nomTributoIOtroItem`, `codTipTributoIOtroItem`, `porTriOtroItem`, `mtoPrecioVenta`, `mtoValorVenta`, `mtoValorReferencialUnitario`, `fechaEmision`) VALUES
(1, 0, 0, '', 'B001-00000001', 'GLI', 2, '-', '0', 'Gasolina', 11.01, 1.98, 1000, 3.96, 22.02, 'IGV', 'VAT', 10, 18, '-', 0, 0, '', '', '', 15, '-', '', '', '', '', 15, 25.98, 22.02, '0.00', '2019-03-01'),
(2, 0, 0, '', 'B001-00000002', 'GLI', 2, '-', '0', 'Gasolina', 11.01, 1.98, 1000, 3.96, 22.02, 'IGV', 'VAT', 10, 18, '-', 0, 0, '', '', '', 15, '-', '', '', '', '', 15, 25.98, 22.02, '0.00', '2019-03-01'),
(3, 0, 0, '', 'INT001-00000001', 'GLI', 2, '-', '0', 'Gasolina', 11.01, 1.98, 1000, 3.96, 22.02, 'IGV', 'VAT', 10, 18, '-', 0, 0, '', '', '', 15, '-', '', '', '', '', 15, 25.98, 22.02, '0.00', '2019-03-01'),
(4, 0, 0, '', 'INT001-00000002', 'GLI', 2, '-', '0', 'Gasolina', 11.01, 1.98, 1000, 3.96, 22.02, 'IGV', 'VAT', 10, 18, '-', 0, 0, '', '', '', 15, '-', '', '', '', '', 15, 25.98, 22.02, '0.00', '2019-03-01'),
(5, 0, 0, '', 'INT001-00000003', 'GLI', 3, '-', '1', 'Petr贸leo', 10.45, 1.88, 1000, 5.64, 31.35, 'IGV', 'VAT', 10, 18, '-', 0, 0, '', '', '', 15, '-', '', '', '', '', 15, 36.99, 31.35, '0.00', '2019-03-01'),
(6, 0, 0, '', 'B001-00000003', 'GLI', 3, '-', '1', 'Diesel D5 S-50 UV', 10.45, 1.88, 1000, 5.64, 31.35, 'IGV', 'VAT', 10, 18, '-', 0, 0, '', '', '', 15, '-', '', '', '', '', 15, 36.99, 31.35, '0.00', '2019-03-01'),
(7, 0, 0, '', 'B001-00000004', 'GLI', 2, '-', '0', 'Gasohol 90 Plus', 11.01, 1.98, 1000, 3.96, 22.02, 'IGV', 'VAT', 10, 18, '-', 0, 0, '', '', '', 15, '-', '', '', '', '', 15, 25.98, 22.02, '0.00', '2019-03-01'),
(8, 0, 0, '', 'B001-00000005', 'GLI', 3, '-', '1', 'Diesel D5 S-50 UV', 10.45, 1.88, 1000, 5.64, 31.35, 'IGV', 'VAT', 10, 18, '-', 0, 0, '', '', '', 15, '-', '', '', '', '', 15, 36.99, 31.35, '0.00', '2019-03-01'),
(9, 0, 0, '', 'INT001-00000004', 'GLI', 2, '-', '1', 'Diesel D5 S-50 UV', 10.45, 1.88, 1000, 3.76, 20.9, 'IGV', 'VAT', 10, 18, '-', 0, 0, '', '', '', 15, '-', '', '', '', '', 15, 24.66, 20.9, '0.00', '2019-03-01'),
(10, 0, 0, '', 'B001-00000006', 'GLI', 2, '-', '0', 'Gasohol 90 Plus', 11.01, 1.98, 1000, 3.96, 22.02, 'IGV', 'VAT', 10, 18, '-', 0, 0, '', '', '', 15, '-', '', '', '', '', 15, 25.98, 22.02, '0.00', '2019-03-01'),
(11, 0, 0, '', 'B001-00000007', 'GLI', 3, '-', '1', 'Diesel D5 S-50 UV', 10.45, 1.88, 1000, 5.64, 31.35, 'IGV', 'VAT', 10, 18, '-', 0, 0, '', '', '', 15, '-', '', '', '', '', 15, 36.99, 31.35, '0.00', '2019-03-01'),
(12, 0, 0, '', 'B001-00000008', 'GLI', 3, '-', '0', 'Gasohol 90 Plus', 11.01, 1.98, 1000, 5.94, 33.03, 'IGV', 'VAT', 10, 18, '-', 0, 0, '', '', '', 15, '-', '', '', '', '', 15, 38.97, 33.03, '0.00', '2019-03-01'),
(13, 0, 0, '', 'F001-00000001', 'GLI', 4.318, '-', '0', 'Gasohol 90 Plus', 9.81, 1.77, 1000, 7.64, 42.36, 'IGV', 'VAT', 10, 18, '-', 0, 0, '', '', '', 15, '-', '', '', '', '', 15, 50, 42.36, '0.00', '2019-03-01'),
(14, 0, 0, '', 'F001-00000001', 'GLI', 0.811, '-', '1', 'Diesel D5 S-50 UV', 10.45, 1.88, 1000, 1.52, 8.47, 'IGV', 'VAT', 10, 18, '-', 0, 0, '', '', '', 15, '-', '', '', '', '', 15, 10, 8.47, '0.00', '2019-03-01'),
(15, 0, 0, '', 'F001-00000002', 'GLI', 5, '-', '0', 'Gasohol 90 Plus', 9.81, 1.77, 1000, 8.85, 49.05, 'IGV', 'VAT', 10, 18, '-', 0, 0, '', '', '', 15, '-', '', '', '', '', 15, 57.9, 49.05, '0.00', '2019-03-01'),
(16, 0, 0, '', 'F001-00000003', 'GLI', 0.487, '-', '1', 'Diesel D5 S-50 UV', 10.45, 1.88, 1000, 0.92, 5.09, 'IGV', 'VAT', 10, 18, '-', 0, 0, '', '', '', 15, '-', '', '', '', '', 15, 6, 5.09, '0.00', '2019-03-01'),
(17, 0, 0, '', 'B001-00000009', 'GLI', 0.173, '-', '0', 'Gasohol 90 Plus', 9.81, 1.77, 1000, 0.31, 1.7, 'IGV', 'VAT', 10, 18, '-', 0, 0, '', '', '', 15, '-', '', '', '', '', 15, 2, 1.7, '0.00', '2019-03-01'),
(18, 0, 0, '', 'B001-00000009', 'GLI', 0.162, '-', '1', 'Diesel D5 S-50 UV', 10.45, 1.88, 1000, 0.3, 1.69, 'IGV', 'VAT', 10, 18, '-', 0, 0, '', '', '', 15, '-', '', '', '', '', 15, 2, 1.69, '0.00', '2019-03-01'),
(19, 0, 0, '', 'B001-00000010', 'GLI', 2, '-', '1', 'Diesel D5 S-50 UV', 10.45, 1.88, 1000, 3.76, 20.9, 'IGV', 'VAT', 10, 18, '-', 0, 0, '', '', '', 15, '-', '', '', '', '', 15, 24.66, 20.9, '0.00', '2019-03-01'),
(20, 0, 0, '', 'B001-00000010', 'GLI', 2, '-', '1', 'Diesel D5 S-50 UV', 10.45, 1.88, 1000, 3.76, 20.9, 'IGV', 'VAT', 10, 18, '-', 0, 0, '', '', '', 15, '-', '', '', '', '', 15, 24.66, 20.9, '0.00', '2019-03-01'),
(21, 0, 0, '', 'B001-00000010', 'GLI', 2, '-', '1', 'Diesel D5 S-50 UV', 10.45, 1.88, 1000, 3.76, 20.9, 'IGV', 'VAT', 10, 18, '-', 0, 0, '', '', '', 15, '-', '', '', '', '', 15, 24.66, 20.9, '0.00', '2019-03-01'),
(22, 0, 0, '', 'B001-00000010', 'GLI', 2, '-', '1', 'Diesel D5 S-50 UV', 10.45, 1.88, 1000, 3.76, 20.9, 'IGV', 'VAT', 10, 18, '-', 0, 0, '', '', '', 15, '-', '', '', '', '', 15, 24.66, 20.9, '0.00', '2019-03-01'),
(23, 0, 0, '', 'B001-00000010', 'GLI', 2, '-', '1', 'Diesel D5 S-50 UV', 10.45, 1.88, 1000, 3.76, 20.9, 'IGV', 'VAT', 10, 18, '-', 0, 0, '', '', '', 15, '-', '', '', '', '', 15, 24.66, 20.9, '0.00', '2019-03-01'),
(24, 0, 0, '', 'B001-00000011', 'GLI', 41, '-', '0', 'Gasohol 90 Plus', 9.81, 1.77, 1000, 72.57, 402.21, 'IGV', 'VAT', 10, 18, '-', 0, 0, '', '', '', 15, '-', '', '', '', '', 15, 474.78, 402.21, '0.00', '2019-03-01'),
(25, 0, 0, '', 'B001-00000011', 'GLI', 41, '-', '0', 'Gasohol 90 Plus', 9.81, 1.77, 1000, 72.57, 402.21, 'IGV', 'VAT', 10, 18, '-', 0, 0, '', '', '', 15, '-', '', '', '', '', 15, 474.78, 402.21, '0.00', '2019-03-01'),
(26, 0, 0, '', 'B001-00000011', 'GLI', 41, '-', '0', 'Gasohol 90 Plus', 9.81, 1.77, 1000, 72.57, 402.21, 'IGV', 'VAT', 10, 18, '-', 0, 0, '', '', '', 15, '-', '', '', '', '', 15, 474.78, 402.21, '0.00', '2019-03-01'),
(27, 0, 0, '', 'B001-00000011', 'GLI', 2, '-', '1', 'Diesel D5 S-50 UV', 10.45, 1.88, 1000, 3.76, 20.9, 'IGV', 'VAT', 10, 18, '-', 0, 0, '', '', '', 15, '-', '', '', '', '', 15, 24.66, 20.9, '0.00', '2019-03-01'),
(28, 0, 0, '', 'F001-00000004', 'GLI', 3, '-', '0', 'Gasohol 90 Plus', 9.81, 1.77, 1000, 5.31, 29.43, 'IGV', 'VAT', 10, 18, '-', 0, 0, '', '', '', 15, '-', '', '', '', '', 15, 34.74, 29.43, '0.00', '2019-03-01'),
(29, 0, 0, '', 'F001-00000004', 'GLI', 4.542, '-', '1', 'Diesel D5 S-50 UV', 10.45, 1.88, 1000, 8.54, 47.46, 'IGV', 'VAT', 10, 18, '-', 0, 0, '', '', '', 15, '-', '', '', '', '', 15, 56, 47.46, '0.00', '2019-03-01'),
(30, 0, 0, '', 'B001-00000012', 'GLI', 1, '-', '0', 'Gasohol 90 Plus', 9.81, 1.77, 1000, 1.77, 9.81, 'IGV', 'VAT', 10, 18, '-', 0, 0, '', '', '', 15, '-', '', '', '', '', 15, 11.58, 9.81, '0.00', '2019-03-03'),
(31, 0, 0, '', 'B001-00000013', 'GLI', 5, '-', '1', 'Diesel D5 S-50 UV', 10.45, 1.88, 1000, 9.4, 52.25, 'IGV', 'VAT', 10, 18, '-', 0, 0, '', '', '', 15, '-', '', '', '', '', 15, 61.65, 52.25, '0.00', '2019-03-03'),
(32, 0, 0, '', 'F001-00000005', 'GLI', 0.864, '-', '0', 'Gasohol 90 Plus', 9.81, 1.77, 1000, 1.53, 8.48, 'IGV', 'VAT', 10, 18, '-', 0, 0, '', '', '', 15, '-', '', '', '', '', 15, 10.01, 8.48, '0.00', '2019-03-03'),
(33, 0, 0, '', 'F001-00000005', 'GLI', 5, '-', '1', 'Diesel D5 S-50 UV', 10.45, 1.88, 1000, 9.4, 52.25, 'IGV', 'VAT', 10, 18, '-', 0, 0, '', '', '', 15, '-', '', '', '', '', 15, 61.65, 52.25, '0.00', '2019-03-03'),
(34, 0, 0, '', 'B001-00000014', 'GLI', 0.2, '-', '0', '\n		\n				abafin 1.8 ec x 250 ml\n	\n				abafin 1.8 ec x lt\n	\n				abafin x 500ml\n	\n				abamex x 250 ml\n	\n				abamex x lt\n	\n				abrazadera de tubo solo 66394\n	\n				abrazadera manguera jacto\n	\n				abrazadera solo\n	\n				abrazadera solo 66388\n	\n				accord 24', 42.37, 7.63, 1000, 1.53, 8.47, 'IGV', 'VAT', 10, 18, '-', 0, 0, '', '', '', 15, '-', '', '', '', '', 15, 10, 8.47, '0.00', '2019-03-12'),
(35, 0, 0, '', 'B001-00000014', 'GLI', 3, '-', '1', '\n		\n				abafin 1.8 ec x 250 ml\n	\n				abafin 1.8 ec x lt\n	\n				abafin x 500ml\n	\n				abamex x 250 ml\n	\n				abamex x lt\n	\n				abrazadera de tubo solo 66394\n	\n				abrazadera manguera jacto\n	\n				abrazadera solo\n	\n				abrazadera solo 66388\n	\n				accord 24', 0, 0, 1000, 0, 0, 'IGV', 'VAT', 10, 18, '-', 0, 0, '', '', '', 15, '-', '', '', '', '', 15, 0, 0, '0.00', '2019-03-12'),
(36, 0, 0, '', 'B001-00000015', 'GLI', 3, '-', '0', 'abafin x 500ml', 1.69, 0.31, 1000, 0.93, 5.07, 'IGV', 'VAT', 10, 18, '-', 0, 0, '', '', '', 15, '-', '', '', '', '', 15, 6, 5.07, '0.00', '2019-03-12'),
(37, 0, 0, '', 'B001-00000016', 'GLI', 3, '-', '0', 'abafin x 500ml', 1.69, 0.31, 1000, 0.93, 5.07, 'IGV', 'VAT', 10, 18, '-', 0, 0, '', '', '', 15, '-', '', '', '', '', 15, 6, 5.07, '0.00', '2019-03-12'),
(38, 0, 0, '', 'B001-00000017', 'GLI', 3, '-', '0', 'abafin x 500ml', 1.69, 0.31, 1000, 0.93, 5.07, 'IGV', 'VAT', 10, 18, '-', 0, 0, '', '', '', 15, '-', '', '', '', '', 15, 6, 5.07, '0.00', '2019-03-12'),
(39, 0, 0, '', 'B001-00000018', 'GLI', 3, '-', '0', 'abafin x 500ml', 1.69, 0.31, 1000, 0.93, 5.07, 'IGV', 'VAT', 10, 18, '-', 0, 0, '', '', '', 15, '-', '', '', '', '', 15, 6, 5.07, '0.00', '2019-03-12'),
(40, 0, 0, '', 'B001-00000019', 'GLI', 3, '-', '0', 'abafin x 500ml', 1.69, 0.31, 1000, 0.93, 5.07, 'IGV', 'VAT', 10, 18, '-', 0, 0, '', '', '', 15, '-', '', '', '', '', 15, 6, 5.07, '0.00', '2019-03-12'),
(41, 0, 0, '', 'B001-00000020', 'GLI', 6, '-', '0', 'affly x 1 lt', 0.85, 0.15, 1000, 0.9, 5.1, 'IGV', 'VAT', 10, 18, '-', 0, 0, '', '', '', 15, '-', '', '', '', '', 15, 6, 5.1, '0.00', '2019-03-12'),
(42, 0, 0, '', 'B001-00000020', 'GLI', 2, '-', '1', 'afalon x 250ml.', 8.47, 1.53, 1000, 3.06, 16.94, 'IGV', 'VAT', 10, 18, '-', 0, 0, '', '', '', 15, '-', '', '', '', '', 15, 20, 16.94, '0.00', '2019-03-12'),
(43, 0, 0, '', 'B001-00000021', 'GLI', 5, '-', '0', 'abafin 1.8 ec x 250 ml', 4.24, 0.76, 1000, 3.8, 21.2, 'IGV', 'VAT', 10, 18, '-', 0, 0, '', '', '', 15, '-', '', '', '', '', 15, 25, 21.2, '0.00', '2019-03-12'),
(44, 0, 0, '', 'B001-00000021', 'GLI', 4, '-', '1', 'abamex x lt', 3.39, 0.61, 1000, 2.44, 13.56, 'IGV', 'VAT', 10, 18, '-', 0, 0, '', '', '', 15, '-', '', '', '', '', 15, 16, 13.56, '0.00', '2019-03-12'),
(45, 0, 0, '', 'B001-00000029', 'GLI', 3, '-', '0', 'abafin 1.8 ec x 250 ml', 0.51, 0.09, 1000, 0.27, 1.53, 'IGV', 'VAT', 10, 18, '-', 0, 0, '', '', '', 15, '-', '', '', '', '', 15, 1.8, 1.53, '0.00', '2019-03-12'),
(46, 0, 0, '', 'B001-00000029', 'LTR', 1, '-', '1', 'abamex x lt', 0.17, 0.03, 1000, 0.03, 0.17, 'IGV', 'VAT', 10, 18, '-', 0, 0, '', '', '', 15, '-', '', '', '', '', 15, 0.2, 0.17, '0.00', '2019-03-12'),
(47, 0, 0, '', 'B001-00000030', 'GLI', 1, '-', '0', 'abafin 1.8 ec x lt', 2.54, 0.46, 1000, 0.46, 2.54, 'IGV', 'VAT', 10, 18, '-', 0, 0, '', '', '', 15, '-', '', '', '', '', 15, 3, 2.54, '0.00', '2019-03-12'),
(48, 0, 0, '', 'B001-00000030', 'NIU', 5, '-', '1', 'abamex x lt', 42.37, 7.63, 1000, 38.15, 211.85, 'IGV', 'VAT', 10, 18, '-', 0, 0, '', '', '', 15, '-', '', '', '', '', 15, 250, 211.85, '0.00', '2019-03-12'),
(49, 0, 0, '', 'B001-00000031', 'GLI', 5, '-', '0', 'abafin x 500ml', 1.69, 0.31, 1000, 1.55, 8.45, 'IGV', 'VAT', 10, 18, '-', 0, 0, '', '', '', 15, '-', '', '', '', '', 15, 10, 8.45, '0.00', '2019-03-12'),
(50, 0, 0, '', 'B001-00000032', 'LTR', 3, '-', '0', 'affly x 1 lt', 4.24, 0.76, 1000, 2.28, 12.72, 'IGV', 'VAT', 10, 18, '-', 0, 0, '', '', '', 15, '-', '', '', '', '', 15, 15, 12.72, '0.00', '2019-03-12'),
(51, 0, 0, '', 'B001-00000032', 'NIU', 4, '-', '1', 'abafin x 500ml', 5.08, 0.92, 1000, 3.68, 20.32, 'IGV', 'VAT', 10, 18, '-', 0, 0, '', '', '', 15, '-', '', '', '', '', 15, 24, 20.32, '0.00', '2019-03-12'),
(52, 0, 0, '', 'F001-00000006', '', 2, '-', '0', '\n		\n				abafin 1.8 ec x 250 ml\n	\n				abafin 1.8 ec x lt\n	\n				abafin x 500ml\n	\n				abamex x 250 ml\n	\n				abamex x lt\n	\n				abrazadera de tubo solo 66394\n	\n				abrazadera manguera jacto\n	\n				abrazadera solo\n	\n				abrazadera solo 66388\n	\n				accord 24', 3.39, 0.61, 1000, 1.22, 6.78, 'IGV', 'VAT', 10, 18, '-', 0, 0, '', '', '', 15, '-', '', '', '', '', 15, 8, 6.78, '0.00', '2019-03-13'),
(53, 0, 0, '', 'F001-00000007', 'NIU', 6, '-', '0', '\n		\n				abafin 1.8 ec x 250 ml\n	\n				abafin 1.8 ec x lt\n	\n				abafin x 500ml\n	\n				abamex x 250 ml\n	\n				abamex x lt\n	\n				abrazadera de tubo solo 66394\n	\n				abrazadera manguera jacto\n	\n				abrazadera solo\n	\n				abrazadera solo 66388\n	\n				accord 24', 2.54, 0.46, 1000, 2.76, 15.24, 'IGV', 'VAT', 10, 18, '-', 0, 0, '', '', '', 15, '-', '', '', '', '', 15, 18, 15.24, '0.00', '2019-03-13'),
(54, 0, 0, '', 'F001-00000008', 'NIU', 6, '-', '0', 'abafin x 500ml', 7.63, 1.37, 1000, 8.22, 45.78, 'IGV', 'VAT', 10, 18, '-', 0, 0, '', '', '', 15, '-', '', '', '', '', 15, 54, 45.78, '0.00', '2019-03-13'),
(55, 0, 0, '', 'F001-00000009', 'NIU', 3, '-', '0', 'accord 240 sl x lt', 5.08, 0.92, 1000, 2.76, 15.24, 'IGV', 'VAT', 10, 18, '-', 0, 0, '', '', '', 15, '-', '', '', '', '', 15, 18, 15.24, '0.00', '2019-03-13'),
(56, 0, 0, '', 'F001-00000010', 'LTR', 6, '-', '0', 'abafin 1.8 ec x lt', 1.69, 0.31, 1000, 1.86, 10.14, 'IGV', 'VAT', 10, 18, '-', 0, 0, '', '', '', 15, '-', '', '', '', '', 15, 12, 10.14, '0.00', '2019-03-13'),
(57, 0, 0, '', 'F001-00000011', 'GLI', 2, '-', '0', 'afisac x lt', 4.24, 0.76, 1000, 1.52, 8.48, 'IGV', 'VAT', 10, 18, '-', 0, 0, '', '', '', 15, '-', '', '', '', '', 15, 10, 8.48, '0.00', '2019-03-13'),
(58, 0, 0, '', 'F001-00000011', 'LTR', 5, '-', '1', 'accord 240 sl x lt', 5.08, 0.92, 1000, 4.6, 25.4, 'IGV', 'VAT', 10, 18, '-', 0, 0, '', '', '', 15, '-', '', '', '', '', 15, 30, 25.4, '0.00', '2019-03-13'),
(59, 0, 0, '', 'F001-00000011', 'GLI', 8, '-', '2', 'alfalfa cuf x 1kg.', 6.78, 1.22, 1000, 9.76, 54.24, 'IGV', 'VAT', 10, 18, '-', 0, 0, '', '', '', 15, '-', '', '', '', '', 15, 64, 54.24, '0.00', '2019-03-13'),
(60, 0, 0, '', 'B001-00000033', 'GLI', 2, '-', '0', 'abafin 1.8 ec x 250 ml', 3.39, 0.61, 1000, 1.22, 6.78, 'IGV', 'VAT', 10, 18, '-', 0, 0, '', '', '', 15, '-', '', '', '', '', 15, 8, 6.78, '0.00', '2019-03-13'),
(61, 0, 0, '', 'B001-00000034', 'GLI', 5, '-', '0', 'abafin 1.8 ec x lt', 4.24, 0.76, 1000, 3.8, 21.2, 'IGV', 'VAT', 10, 18, '-', 0, 0, '', '', '', 15, '-', '', '', '', '', 15, 25, 21.2, '0.00', '2019-03-13'),
(62, 0, 0, '', 'F001-00000012', '', 10, '-', '0', 'abrazadera solo 66388', 4.24, 0.76, 1000, 7.6, 42.4, 'IGV', 'VAT', 10, 18, '-', 0, 0, '', '', '', 15, '-', '', '', '', '', 15, 50, 42.4, '0.00', '2019-03-13'),
(63, 0, 0, '', 'F001-00000013', 'GLI', 3, '-', '0', 'aceite shindaiwa x 100ml.', 0.85, 0.15, 1000, 0.45, 2.55, 'IGV', 'VAT', 10, 18, '-', 0, 0, '', '', '', 15, '-', '', '', '', '', 15, 3, 2.55, '0.00', '2019-03-13'),
(64, 0, 0, '', 'F001-00000014', 'NIU', 2, '-', '0', 'accord 240 sl x lt', 3.39, 0.61, 1000, 1.22, 6.78, 'IGV', 'VAT', 10, 18, '-', 0, 0, '', '', '', 15, '-', '', '', '', '', 15, 8, 6.78, '0.00', '2019-03-13'),
(65, 0, 0, '', 'F001-00000015', 'LTR', 12.5, '-', '0', 'abrazadera solo', 3.39, 0.61, 1000, 7.63, 42.38, 'IGV', 'VAT', 10, 18, '-', 0, 0, '', '', '', 15, '-', '', '', '', '', 15, 50, 42.38, '0.00', '2019-03-13'),
(66, 0, 0, '', 'F001-00000016', 'GLI', 6, '-', '0', 'accord 240 sl x lt', 0.85, 0.15, 1000, 0.9, 5.1, 'IGV', 'VAT', 10, 18, '-', 0, 0, '', '', '', 15, '-', '', '', '', '', 15, 6, 5.1, '0.00', '2019-03-13'),
(67, 0, 0, '', 'F001-00000016', 'NIU', 4, '-', '1', 'abrazadera solo 66388', 5.93, 1.07, 1000, 4.28, 23.72, 'IGV', 'VAT', 10, 18, '-', 0, 0, '', '', '', 15, '-', '', '', '', '', 15, 28, 23.72, '0.00', '2019-03-13'),
(68, 0, 0, '', 'F001-00000016', '', 5, '-', '2', 'afisac x 250 ml.', 5.08, 0.92, 1000, 4.6, 25.4, 'IGV', 'VAT', 10, 18, '-', 0, 0, '', '', '', 15, '-', '', '', '', '', 15, 30, 25.4, '0.00', '2019-03-13'),
(69, 0, 0, '', 'F001-00000017', 'GLI', 3, '-', '0', 'abrazadera solo 66388', 4.24, 0.76, 1000, 2.28, 12.72, 'IGV', 'VAT', 10, 18, '-', 0, 0, '', '', '', 15, '-', '', '', '', '', 15, 15, 12.72, '0.00', '2019-03-13'),
(70, 0, 0, '', 'F001-00000017', 'LTR', 3, '-', '1', 'abamex x 250 ml', 3.39, 0.61, 1000, 1.83, 10.17, 'IGV', 'VAT', 10, 18, '-', 0, 0, '', '', '', 15, '-', '', '', '', '', 15, 12, 10.17, '0.00', '2019-03-13'),
(71, 0, 0, '', 'F001-00000017', 'NIU', 4, '-', '2', 'abrazadera manguera jacto', 4.24, 0.76, 1000, 3.04, 16.96, 'IGV', 'VAT', 10, 18, '-', 0, 0, '', '', '', 15, '-', '', '', '', '', 15, 20, 16.96, '0.00', '2019-03-13'),
(72, 0, 0, '', 'F001-00000018', 'NIU', 1, '-', '0', 'accord 240 sl x lt', 1.69, 0.31, 1000, 0.31, 1.69, 'IGV', 'VAT', 10, 18, '-', 0, 0, '', '', '', 15, '-', '', '', '', '', 15, 2, 1.69, '0.00', '2019-03-13'),
(73, 0, 0, '', 'F001-00000018', 'GLI', 4, '-', '1', 'abrazadera solo', 4.24, 0.76, 1000, 3.04, 16.96, 'IGV', 'VAT', 10, 18, '-', 0, 0, '', '', '', 15, '-', '', '', '', '', 15, 20, 16.96, '0.00', '2019-03-13'),
(74, 0, 0, '', 'F001-00000019', 'LTR', 6, '-', '0', 'accord 240 sl x lt', 5.08, 0.92, 1000, 5.52, 30.48, 'IGV', 'VAT', 10, 18, '-', 0, 0, '', '', '', 15, '-', '', '', '', '', 15, 36, 30.48, '0.00', '2019-03-13'),
(75, 0, 0, '', 'F001-00000019', 'LTR', 5, '-', '1', 'abamex x lt', 6.78, 1.22, 1000, 6.1, 33.9, 'IGV', 'VAT', 10, 18, '-', 0, 0, '', '', '', 15, '-', '', '', '', '', 15, 40, 33.9, '0.00', '2019-03-13'),
(76, 0, 0, '', 'F001-00000020', 'GLI', 1, '-', '0', 'abrazadera solo 66388', 21.53, 3.87, 1000, 3.87, 21.53, 'IGV', 'VAT', 10, 18, '-', 0, 0, '', '', '', 15, '-', '', '', '', '', 15, 25.4, 21.53, '0.00', '2019-03-13'),
(77, 0, 0, '', 'F001-00000020', 'LTR', 5.08, '-', '1', 'abrazadera solo 66388', 4.24, 0.76, 1000, 3.86, 21.54, 'IGV', 'VAT', 10, 18, '-', 0, 0, '', '', '', 15, '-', '', '', '', '', 15, 25.4, 21.54, '0.00', '2019-03-13'),
(78, 0, 0, '', 'F001-00000020', 'NIU', 0.32, '-', '2', 'abrazadera manguera jacto', 67.8, 12.2, 1000, 3.9, 21.7, 'IGV', 'VAT', 10, 18, '-', 0, 0, '', '', '', 15, '-', '', '', '', '', 15, 25.6, 21.7, '0.00', '2019-03-13');

-- --------------------------------------------------------

--
-- Estructura de tabla para la tabla `fact_series`
--

CREATE TABLE `fact_series` (
  `serieFactura` varchar(10) NOT NULL,
  `serieBoleta` varchar(10) NOT NULL,
  `serieNota` varchar(10) NOT NULL,
  `serieDebito` varchar(10) NOT NULL,
  `serieOpcional` varchar(10) NOT NULL
) ENGINE=InnoDB DEFAULT CHARSET=latin1;

--
-- Volcado de datos para la tabla `fact_series`
--

INSERT INTO `fact_series` (`serieFactura`, `serieBoleta`, `serieNota`, `serieDebito`, `serieOpcional`) VALUES
('F001', 'B001', 'B600', 'F001', 'F002');

-- --------------------------------------------------------

--
-- Estructura de tabla para la tabla `productos`
--

CREATE TABLE `productos` (
  `idProductos` int(11) NOT NULL,
  `prodDescripcion` varchar(250) CHARACTER SET latin1 NOT NULL,
  `idUnidad` int(11) NOT NULL,
  `prodPrecio` float NOT NULL,
  `prodActivo` int(11) NOT NULL DEFAULT '1' COMMENT '1 activo/ 0 inactivo'
) ENGINE=InnoDB DEFAULT CHARSET=utf8 COLLATE=utf8_spanish_ci;

--
-- Volcado de datos para la tabla `productos`
--

INSERT INTO `productos` (`idProductos`, `prodDescripcion`, `idUnidad`, `prodPrecio`, `prodActivo`) VALUES
(1, 'abafin 1.8 ec x 250 ml', 3, 0, 1),
(2, 'abafin 1.8 ec x lt', 3, 0, 1),
(3, 'abafin x 500ml', 3, 0, 1),
(4, 'abamex x 250 ml', 3, 0, 1),
(5, 'abamex x lt', 3, 0, 1),
(6, 'abrazadera de tubo solo 66394', 3, 0, 1),
(7, 'abrazadera manguera jacto', 3, 0, 1),
(8, 'abrazadera solo', 3, 0, 1),
(9, 'abrazadera solo 66388', 3, 0, 1),
(10, 'accord 240 sl x lt', 3, 0, 1),
(11, 'aceite shindaiwa x 100ml.', 3, 0, 1),
(12, 'aceite solo 2t x 4lts.', 3, 0, 1),
(13, 'acelerador completo p/es726(932005)', 3, 0, 1),
(14, 'acido fosforico 85% x 50 lt', 3, 0, 1),
(15, 'acrobat x kg', 3, 0, 1),
(16, 'acronis x 200 ml', 3, 0, 1),
(17, 'acronis x lt', 3, 0, 1),
(18, 'activol pastilla', 3, 0, 1),
(19, 'adaptador y de boquilla p/es726 453134', 3, 0, 1),
(20, 'adhiere x 250 ml', 3, 0, 1),
(21, 'adhiere x 500 ml', 3, 0, 1),
(22, 'adhiere x lt', 3, 0, 1),
(23, 'afalon x 1lt.', 3, 0, 1),
(24, 'afalon x 250ml.', 3, 0, 1),
(25, 'affly x 1 lt', 3, 0, 1),
(26, 'affly x 500 ml', 3, 0, 1),
(27, 'afisac x 250 ml.', 3, 0, 1),
(28, 'afisac x lt', 3, 0, 1),
(29, 'agil x lt', 3, 0, 1),
(30, 'agrostemin gl x 1lt.', 3, 0, 1),
(31, 'agrostemin gl x 500cc.', 3, 0, 1),
(32, 'aguja completa jacto', 3, 0, 1),
(33, 'aguja met?lica # 21', 3, 0, 1),
(34, 'aguja met?lica # 22', 3, 0, 1),
(35, 'alambre p/e726 483801', 3, 0, 1),
(36, 'alfalfa alabama 8925 x 1kg.', 3, 0, 1),
(37, 'alfalfa alabama 8925 x 250grs.', 3, 0, 1),
(38, 'alfalfa alabama 8925 x 500grs.', 3, 0, 1),
(39, 'alfalfa aragon x 1 kg', 3, 0, 1),
(40, 'alfalfa aragon * 1/2 kg', 3, 0, 1),
(41, 'alfalfa aragon * 1/4 kg', 3, 0, 1),
(42, 'alfalfa cuf x 1kg.', 3, 0, 1),
(43, 'alfalfa moapa * 1/2 kg', 3, 0, 1),
(44, 'alfalfa moapa * 1/4 kg', 3, 0, 1),
(45, 'alfalfa moapa 69 toyama x 1kg.', 3, 0, 1),
(46, 'alfalfa moapa suelto x 1kg.', 3, 0, 1),
(47, 'alfalfa moapa suelto x 250grs.', 3, 0, 1),
(48, 'alfalfa moapa suelto x 500grs.', 3, 0, 1),
(49, 'alfalfa moapa x 25kgs.', 3, 0, 1),
(50, 'alfalfa super alabama 550 x kg', 3, 0, 1),
(51, 'alfositol magnesio x lt', 3, 0, 1),
(52, 'alfositol pk + cu x lt.', 3, 0, 1),
(53, 'alga forte x 1 tl', 3, 0, 1),
(54, 'alga x 1lt.', 3, 0, 1),
(55, 'alga x 500cc.', 3, 0, 1),
(56, 'aliado x 1 l', 3, 0, 1),
(57, 'aliette x 1kg.', 3, 0, 1),
(58, 'alto 100 sl x 1 litro', 3, 0, 1),
(59, 'alto 100 sl x 250 ml', 3, 0, 1),
(60, 'amauta x lt', 3, 0, 1),
(61, 'amina 6 x 1 tl', 3, 0, 1),
(62, 'aminofol x 1 lt.', 3, 0, 1),
(63, 'aminofol x 200 cc.', 3, 0, 1),
(64, 'amistar top x 1 lt', 3, 0, 1),
(65, 'amistar top x 250ml', 3, 0, 1),
(66, 'amistar x 40grs.', 3, 0, 1),
(67, 'anillo o 62271', 3, 0, 1),
(68, 'anillo o rin 62248', 3, 0, 1),
(69, 'anillo o 62106', 3, 0, 1),
(70, 'anillo o 62212', 3, 0, 1),
(71, 'anillo o 62258', 3, 0, 1),
(72, 'anillo 970111', 3, 0, 1),
(73, 'anillo 9701201', 3, 0, 1),
(74, 'anillo 970501', 3, 0, 1),
(75, 'anillo 970801', 3, 0, 1),
(76, 'anillo 970802', 3, 0, 1),
(77, 'anillo 971112', 3, 0, 1),
(78, 'anillo 971122', 3, 0, 1),
(79, 'anillo 971141', 3, 0, 1),
(80, 'anillo 971151', 3, 0, 1),
(81, 'anillo 971192', 3, 0, 1),
(82, 'anillo 971401', 3, 0, 1),
(83, 'anillo 972135', 3, 0, 1),
(84, 'anillo c/orin de bomba 972101', 3, 0, 1),
(85, 'anillo garfiado 31356', 3, 0, 1),
(86, 'anillo torico 62115', 3, 0, 1),
(87, 'anillo torico 62139', 3, 0, 1),
(88, 'anillo torico 62140', 3, 0, 1),
(89, 'anillo torico 62257', 3, 0, 1),
(90, 'anillo torico 62291', 3, 0, 1),
(91, 'antracol x 1kg.', 3, 0, 1),
(92, 'antracol x 400grs.', 3, 0, 1),
(93, 'aquamaster 2-50-32 x 1kg.', 3, 0, 1),
(94, 'aquamaster 32-10-10 x 1kg.', 3, 0, 1),
(95, 'aquamaster microelementos x 250grs.', 3, 0, 1),
(96, 'arandela 30131', 3, 0, 1),
(97, 'arco x lt', 3, 0, 1),
(98, 'ariphyll 10 ec x 250 ml', 3, 0, 1),
(99, 'ariphyll 10 ec x lt', 3, 0, 1),
(100, 'ariphyll x 500ml', 3, 0, 1),
(101, 'aro con cinco boquillas p/es 726 453463', 3, 0, 1),
(102, 'arrow x lt', 3, 0, 1),
(103, 'artillero x 1 lt', 3, 0, 1),
(104, 'artillero x 250ml', 3, 0, 1),
(105, 'arveja alderman * 1 kg', 3, 0, 1),
(106, 'arveja alderman * 1/2 kg', 3, 0, 1),
(107, 'arveja alderman * 1/4 kg', 3, 0, 1),
(108, 'arveja alderman * 25 kg', 3, 0, 1),
(109, 'arveja early perfection x 1kg.', 3, 0, 1),
(110, 'arveja early perfection x 250grs.', 3, 0, 1),
(111, 'arveja early perfection x 500grs.', 3, 0, 1),
(112, 'arveja quantum x 1kg.', 3, 0, 1),
(113, 'arveja quantum x 25 kilos', 3, 0, 1),
(114, 'arveja remate * 1 kg', 3, 0, 1),
(115, 'arveja remate * 1/2 kg', 3, 0, 1),
(116, 'arveja remate * 1/4 kg', 3, 0, 1),
(117, 'arveja remate * 25 kg', 3, 0, 1),
(118, 'arveja rondo * 1 kg', 3, 0, 1),
(119, 'arveja rondo * 1/2 kg', 3, 0, 1),
(120, 'arveja rondo * 1/4 kg', 3, 0, 1),
(121, 'arveja rondo * 25 kg', 3, 0, 1),
(122, 'arveja tarma * 1 kg', 3, 0, 1),
(123, 'arveja tarma * 1/2 kg', 3, 0, 1),
(124, 'arveja tarma * 1/4 kg', 3, 0, 1),
(125, 'arveja tarma * 25 kg', 3, 0, 1),
(126, 'arveja usuy * 1 kg', 3, 0, 1),
(127, 'arveja usuy * 1/2 kg', 3, 0, 1),
(128, 'arveja usuy * 1/4 kg', 3, 0, 1),
(129, 'arveja usuy * 25 kg', 3, 0, 1),
(130, 'arveja utrillo * 1 kg', 3, 0, 1),
(131, 'arveja utrillo * 1/2 kg', 3, 0, 1),
(132, 'arveja utrillo * 1/4 kg', 3, 0, 1),
(133, 'arveja utrillo * 25 kg', 3, 0, 1),
(134, 'asidero del arrancador 751900', 3, 0, 1),
(135, 'asiento de aguja 471361', 3, 0, 1),
(136, 'asiento de valvula 407098', 3, 0, 1),
(137, 'asuntol x 15 gr.', 3, 0, 1),
(138, 'atlante plus x 1lt.', 3, 0, 1),
(139, 'atomil plus talquera cl?sica x 150g.', 3, 0, 1),
(140, 'atomil plus talquera perfumada x 180g.', 3, 0, 1),
(141, 'atomil plus x 25grs. sobre', 3, 0, 1),
(142, 'atomil x 250cc.', 3, 0, 1),
(143, 'attack x 1kg.', 3, 0, 1),
(144, 'attack x 200grs.', 3, 0, 1),
(145, 'attack x 500grs.', 3, 0, 1),
(146, 'avena * 1 kg', 3, 0, 1),
(147, 'avena * 1/2 kg', 3, 0, 1),
(148, 'avena * 1/4 kg', 3, 0, 1),
(149, 'azadon x 500ml', 3, 0, 1),
(150, 'azadon x litro', 3, 0, 1),
(151, 'azote x 250ml.', 3, 0, 1),
(152, 'barra de fumigacion manual aluminio completo', 3, 0, 1),
(153, 'barra universal x 40cm.', 3, 0, 1),
(154, 'barra universal x 50 cm', 3, 0, 1),
(155, 'barracuda x lt', 3, 0, 1),
(156, 'base completa tanque pjh-9000', 3, 0, 1),
(157, 'basta x 1lt.', 3, 0, 1),
(158, 'batalla x 1lt.', 3, 0, 1),
(159, 'batalla x 4 lt', 3, 0, 1),
(160, 'bayfolan aktivator x 1lt.', 3, 0, 1),
(161, 'bayfolan suelo azul x 50 kg', 3, 0, 1),
(162, 'bayfolan x 1 lt.', 3, 0, 1),
(163, 'bayfolan x 10 lt', 3, 0, 1),
(164, 'bayfolan x 5 lt.', 3, 0, 1),
(165, 'baygon hormigas x 100grs.', 3, 0, 1),
(166, 'baygon verde x 250cc.', 3, 0, 1),
(167, 'baygon verde x 300cc.', 3, 0, 1),
(168, 'baygon verde x 400ml.', 3, 0, 1),
(169, 'bayleton x 250cc.', 3, 0, 1),
(170, 'baytril tableta x 50 mg.', 3, 0, 1),
(171, 'baytril x 20 cc', 3, 0, 1),
(172, 'baytroid tm x 1 lt.', 3, 0, 1),
(173, 'baytroid tm x 250 cc.', 3, 0, 1),
(174, 'baytroid tm x 500 cc.', 3, 0, 1),
(175, 'baytroide x 1 lt.', 3, 0, 1),
(176, 'baytroide x 250 cc.', 3, 0, 1),
(177, 'bazuka x 1 tl', 3, 0, 1),
(178, 'benlate x 200 gr', 3, 0, 1),
(179, 'benlate x 500 gr.', 3, 0, 1),
(180, 'benomax x 100 gr', 3, 0, 1),
(181, 'bentagran x lt', 3, 0, 1),
(182, 'berenil x 20ml.', 3, 0, 1),
(183, 'best water x 500 ml.', 3, 0, 1),
(184, 'beta baytroide x 1 lt', 3, 0, 1),
(185, 'beta baytroide x 500 ml', 3, 0, 1),
(186, 'beta- baytroide x 250cc', 3, 0, 1),
(187, 'beta-baytroide x 100 ml', 3, 0, 1),
(188, 'beterraga betollo f1 x 25 m', 3, 0, 1),
(189, 'beterraga boro f1 x 25000 semillas', 3, 0, 1),
(190, 'beterraga early wonder tall top x lb', 3, 0, 1),
(191, 'bicheron x 1lt.', 3, 0, 1),
(192, 'biela 4074233', 3, 0, 1),
(193, 'biela hembra 4074409', 3, 0, 1),
(194, 'biela macho 4074408', 3, 0, 1),
(195, 'big-hor x ? lt.', 3, 0, 1),
(196, 'big-hor x ? lt.', 3, 0, 1),
(197, 'big-hor x 1 lt.', 3, 0, 1),
(198, 'bio humic x 1lt.', 3, 0, 1),
(199, 'biocat x 25 lts.', 3, 0, 1),
(200, 'bioforte x 50ml.', 3, 0, 1),
(201, 'biogen x lt', 3, 0, 1),
(202, 'biogrow defender ca x 5 lt.', 3, 0, 1),
(203, 'biogrow defender ca x lt', 3, 0, 1),
(204, 'biogyz x lt', 3, 0, 1),
(205, 'biosolnew x 500 gr', 3, 0, 1),
(206, 'biozyme tf x 1lt.', 3, 0, 1),
(207, 'biozyme tf x 200ml.', 3, 0, 1),
(208, 'biozyme tf x 500ml.', 3, 0, 1),
(209, 'blitz 100 ec x 1 litro', 3, 0, 1),
(210, 'blitz 100 ec x 250 ml,', 3, 0, 1),
(211, 'bolero x 250 ml', 3, 0, 1),
(212, 'bolero x lt', 3, 0, 1),
(213, 'bolfo plus x 25 gr.', 3, 0, 1),
(214, 'bolfo plus x 250 gr.', 3, 0, 1),
(215, 'boquilla y', 3, 0, 1),
(216, 'boquilla conica ja-2- negra shindaiwa', 3, 0, 1),
(217, 'boquilla de 2 salidas 810012', 3, 0, 1),
(218, 'boquilla deflectora jacto', 3, 0, 1),
(219, 'boquilla h-1 p/es726 881010', 3, 0, 1),
(220, 'boquilla herbicida jacto', 3, 0, 1),
(221, 'boquilla herbicida solo abanico', 3, 0, 1),
(222, 'boquilla hv-2 p/es726 881020', 3, 0, 1),
(223, 'boquilla hv-3 p/es726 881030', 3, 0, 1),
(224, 'boquilla jd- 12 p completo', 3, 0, 1),
(225, 'boquilla metalica jacto', 3, 0, 1),
(226, 'boquilla regulable amarillo', 3, 0, 1),
(227, 'boquilla regulable jacto azul', 3, 0, 1),
(228, 'boquilla regulable solo', 3, 0, 1),
(229, 'borgal x 20ml.', 3, 0, 1),
(230, 'boron 15f x lt', 3, 0, 1),
(231, 'botrimex x 250 ml', 3, 0, 1),
(232, 'botrimex x lt', 3, 0, 1),
(233, 'botrizim x 250 ml', 3, 0, 1),
(234, 'botrizim x 500 ml', 3, 0, 1),
(235, 'botrizim x lt', 3, 0, 1),
(236, 'bravo x 1lt.', 3, 0, 1),
(237, 'break thru x 200 ml', 3, 0, 1),
(238, 'brocoli coronado x 2.5mx.', 3, 0, 1),
(239, 'brocoli coronado x 2500', 3, 0, 1),
(240, 'brocoli coronado x 25000', 3, 0, 1),
(241, 'brocoli coronado x 2500mx.', 3, 0, 1),
(242, 'brocoli fremont x 5000 sem', 3, 0, 1),
(243, 'brocoli hibrido fantastico x 25000', 3, 0, 1),
(244, 'brocoli hibrido legacy x 25000', 3, 0, 1),
(245, 'brocoli hibrido legacy x 5000', 3, 0, 1),
(246, 'brocoli hibrido pirata x 25000', 3, 0, 1),
(247, 'brocoli hibrido pirata x 5000', 3, 0, 1),
(248, 'brocoli monaco x 10000', 3, 0, 1),
(249, 'brocoli monaco x 25000', 3, 0, 1),
(250, 'brocoli seminis x 25000 semillas', 3, 0, 1),
(251, 'brocoli seminis x 5000 semillas', 3, 0, 1),
(252, 'buje doble guarany', 3, 0, 1),
(253, 'bujia champion 000006', 3, 0, 1),
(254, 'bujia p/b450-c350 000006', 3, 0, 1),
(255, 'bulldock x 1 lt.', 3, 0, 1),
(256, 'bulldock x 250 cc.', 3, 0, 1),
(257, 'bulltrim ec x 250 ml', 3, 0, 1),
(258, 'bulltrim ec x lt', 3, 0, 1),
(259, 'bulltrim x 500ml', 3, 0, 1),
(260, 'bultim x 500ml', 3, 0, 1),
(261, 'buminal x 1lt.', 3, 0, 1),
(262, 'cable de bujia 230052', 3, 0, 1),
(263, 'cable de bujia p/es726 751600', 3, 0, 1),
(264, 'caifodem x ? lt.', 3, 0, 1),
(265, 'caifon x ? lt.', 3, 0, 1),
(266, 'caja de sello 407141', 3, 0, 1),
(267, 'cal agricola * 1 kg', 3, 0, 1),
(268, 'cal agricola * 1/2 kg', 3, 0, 1),
(269, 'cal agricola * 1/4 kg', 3, 0, 1),
(270, 'calcio mg. p. x ? lt.', 3, 0, 1),
(271, 'calfon x 500ml.', 3, 0, 1),
(272, 'caloi x 100ml.', 3, 0, 1),
(273, 'caloi x 20ml.', 3, 0, 1),
(274, 'caloi x 50ml.', 3, 0, 1),
(275, 'camara compensadora jacto', 3, 0, 1),
(276, 'camara sola pjh 9000', 3, 0, 1),
(277, 'campana jacto', 3, 0, 1),
(278, 'campeon cebo', 3, 0, 1),
(279, 'campeon pulgas x 30grs.', 3, 0, 1),
(280, 'campeon ratas x 5grs.', 3, 0, 1),
(281, 'cantus x 100 grs', 3, 0, 1),
(282, 'canula de ovino', 3, 0, 1),
(283, 'caperuza protectora solo', 3, 0, 1),
(284, 'caperuza solo nacional', 3, 0, 1),
(285, 'caporal x 1 litro', 3, 0, 1),
(286, 'caporal x 250 ml', 3, 0, 1),
(287, 'caporal x 500 ml', 3, 0, 1),
(288, 'capsula antibioticos', 3, 0, 1),
(289, 'capture x kg', 3, 0, 1),
(290, 'carbofor x 1kg.', 3, 0, 1),
(291, 'carbofor x 250 ml', 3, 0, 1),
(292, 'carbofor x 500 gr', 3, 0, 1),
(293, 'carboxy b x lt', 3, 0, 1),
(294, 'carboxy ca x 1lt.', 3, 0, 1),
(295, 'carboxy ca x 20lts.', 3, 0, 1),
(296, 'carboxy ca x 500cc.', 3, 0, 1),
(297, 'carboxy ca x 5lts.', 3, 0, 1),
(298, 'carboxy k x 1lt.', 3, 0, 1),
(299, 'carboxy k x 5 litros', 3, 0, 1),
(300, 'carboxy k x 20lts.', 3, 0, 1),
(301, 'carboxy k x 500cc.', 3, 0, 1),
(302, 'carboxy min x 1lt.', 3, 0, 1),
(303, 'carboxy min x 250ml.', 3, 0, 1),
(304, 'carboxy min x 500ml.', 3, 0, 1),
(305, 'cardazina x 1 lt', 3, 0, 1),
(306, 'cardazina x 250 ml', 3, 0, 1),
(307, 'cardazina x 500 ml', 3, 0, 1),
(308, 'catosal x 50ml.', 3, 0, 1),
(309, 'cebolla american * 1/2 kg', 3, 0, 1),
(310, 'cebolla cal seed * 1/2 kg', 3, 0, 1),
(311, 'cebolla edena * 1/2 kg', 3, 0, 1),
(312, 'cebolla emerald * 1/2 kg', 3, 0, 1),
(313, 'cebolla suelto * 1 kg', 3, 0, 1),
(314, 'centurion x 500 ml', 3, 0, 1),
(315, 'cestitab x pastilla', 3, 0, 1),
(316, 'chapa 4043123 solo', 3, 0, 1),
(317, 'chica verano cebo x 30gr', 3, 0, 1),
(318, 'chica verano polvo soluble x 12gr', 3, 0, 1),
(319, 'chica verano pulguicidax30gr', 3, 0, 1),
(320, 'ciclon ce x 250ml', 3, 0, 1),
(321, 'ciclon ce x 500ml', 3, 0, 1),
(322, 'ciclon ce x lt', 3, 0, 1),
(323, 'ciclosona x 50ml', 3, 0, 1),
(324, 'ciclosona x 100ml.', 3, 0, 1),
(325, 'ciclosona x capsulas', 3, 0, 1),
(326, 'cilindro 4400168 solo', 3, 0, 1),
(327, 'cilindro completo jacto', 3, 0, 1),
(328, 'cilindro completo metalico', 3, 0, 1),
(329, 'cilindro guarany', 3, 0, 1),
(330, 'ciper point x 250ml.', 3, 0, 1),
(331, 'cipermex x lt', 3, 0, 1),
(332, 'cirosan 75pm x 70gr.', 3, 0, 1),
(333, 'cito gib x 125 cc.', 3, 0, 1),
(334, 'cloruro de potasio sqm x 50 kg', 3, 0, 1),
(335, 'cloruro estandar x 50kgs.', 3, 0, 1),
(336, 'cloruro granulado x 50kgs.', 3, 0, 1),
(337, 'clorvex x lt', 3, 0, 1),
(338, 'closantel x 30ml.', 3, 0, 1),
(339, 'coach x 1 lt', 3, 0, 1),
(340, 'coach x 250cc', 3, 0, 1),
(341, 'codo jacto', 3, 0, 1),
(342, 'codo montado 4074527', 3, 0, 1),
(343, 'codo nacional solo', 3, 0, 1),
(344, 'cojinete solo nacional', 3, 0, 1),
(345, 'col bonanza x 1 libra', 3, 0, 1),
(346, 'col corazon de buey acserco x 500grs.', 3, 0, 1),
(347, 'col corazon de buey cal seed * 100 g', 3, 0, 1),
(348, 'col corazon de buey seminis * 1/2 kg', 3, 0, 1),
(349, 'col crespo * 1/2 kg', 3, 0, 1),
(350, 'col emerald * 1/2 kg.', 3, 0, 1),
(351, 'col hortus * 1/2 kg', 3, 0, 1),
(352, 'coliflor acserco x 500grs.', 3, 0, 1),
(353, 'coliflor alhambra x 2500', 3, 0, 1),
(354, 'coliflor cal seed * 100 g', 3, 0, 1),
(355, 'coliflor en sobre', 3, 0, 1),
(356, 'coliflor fremont x 5000 semillas', 3, 0, 1),
(357, 'coliflor white cloud x 100 grs,', 3, 0, 1),
(358, 'coliflor white cloud x 500 grs', 3, 0, 1),
(359, 'columbus 350 x 1 lt', 3, 0, 1),
(360, 'columbus x 250 ml', 3, 0, 1),
(361, 'combazo x 25kgs.', 3, 0, 1),
(362, 'complejo b zooper x 10grs', 3, 0, 1),
(363, 'compomaster papa x 50kgs.', 3, 0, 1),
(364, 'confidor wg70 x 50g', 3, 0, 1),
(365, 'confidor x 1lt.', 3, 0, 1),
(366, 'confidor x 250cc.', 3, 0, 1),
(367, 'consento x 500 ml', 3, 0, 1),
(368, 'consento x lt', 3, 0, 1),
(369, 'contest x 1 kg', 3, 0, 1),
(370, 'contest x 100 gr', 3, 0, 1),
(371, 'controller', 3, 0, 1),
(372, 'controller x 100 gramos', 3, 0, 1),
(373, 'cordon p/es726 483811', 3, 0, 1),
(374, 'correa jacto', 3, 0, 1),
(375, 'credito anterior', 3, 0, 1),
(376, 'crisquat x 1lt.', 3, 0, 1),
(377, 'crucial x 250 ml', 3, 0, 1),
(378, 'cuajo hansen tubo', 3, 0, 1),
(379, 'cuajo marshall k100', 3, 0, 1),
(380, 'cuajo marshall l75', 3, 0, 1),
(381, 'cuerda p/es726 (751600)', 3, 0, 1),
(382, 'cuerpo de registro jacto', 3, 0, 1),
(383, 'cuerpo de valvula solo 4074988', 3, 0, 1),
(384, 'cupravit x 1kg.', 3, 0, 1),
(385, 'curater 5% x 1 kg.', 3, 0, 1),
(386, 'curater 5g x 10kgs.', 3, 0, 1),
(387, 'curathane x 500 grs', 3, 0, 1),
(388, 'curzate x 1kg.', 3, 0, 1),
(389, 'curzate x 200grs.', 3, 0, 1),
(390, 'curzate x 500grs.', 3, 0, 1),
(391, 'cymozate x 1kg.', 3, 0, 1),
(392, 'cymozate x 200grs.', 3, 0, 1),
(393, 'cymozate x 500grs.', 3, 0, 1),
(394, 'daconil x lt', 3, 0, 1),
(395, 'daga x lt', 3, 0, 1),
(396, 'decis x 500cc.', 3, 0, 1),
(397, 'dectomax x 20cc.', 3, 0, 1),
(398, 'delta plus x 1lt.', 3, 0, 1),
(399, 'delta plus x 250cc.', 3, 0, 1),
(400, 'derosal 500 sc x 250cc.', 3, 0, 1),
(401, 'derosal 500sc x 1lt.', 3, 0, 1),
(402, 'derosal 500sc x 500cc.', 3, 0, 1),
(403, 'destructor x 200 l', 3, 0, 1),
(404, 'destructor x 5 lt', 3, 0, 1),
(405, 'destructor x lt', 3, 0, 1),
(406, 'detia gas x past.', 3, 0, 1),
(407, 'diafragma solo', 3, 0, 1),
(408, 'dinastia 100ec x 200ml.', 3, 0, 1),
(409, 'dipel 54 wg x 500 gr', 3, 0, 1),
(410, 'dipterex x 2 kg.', 3, 0, 1),
(411, 'disco jacto', 3, 0, 1),
(412, 'disco rayado jacto', 3, 0, 1),
(413, 'disco rayado solo', 3, 0, 1),
(414, 'disco s/ agujero', 3, 0, 1),
(415, 'dk - dikarb x 5 kg', 3, 0, 1),
(416, 'dokys x 25ml.', 3, 0, 1),
(417, 'dorvox pastilla', 3, 0, 1),
(418, 'dragon frasco * 15 cc.', 3, 0, 1),
(419, 'dragon sobre x 5 grs.', 3, 0, 1),
(420, 'dragon x 391cc.', 3, 0, 1),
(421, 'ducymox x kg', 3, 0, 1),
(422, 'duramicin x 50ml.', 3, 0, 1),
(423, 'dynamec x 250 cc.', 3, 0, 1),
(424, 'el zorro raticida 40gr', 3, 0, 1),
(425, 'eltra x 1 lt.', 3, 0, 1),
(426, 'eltra x 500 cc.', 3, 0, 1),
(427, 'embolo de cuero jacto', 3, 0, 1),
(428, 'embolo de plastico jacto', 3, 0, 1),
(429, 'emesto prime 750', 3, 0, 1),
(430, 'emesto prime 80ml', 3, 0, 1),
(431, 'emicina l.a x 100cc.', 3, 0, 1),
(432, 'emicina l.a x 20cc.', 3, 0, 1),
(433, 'emicina l.a x 50ml.', 3, 0, 1),
(434, 'emicina simple x 50cc.', 3, 0, 1),
(435, 'empaque de boquilla p/es726 970120', 3, 0, 1),
(436, 'empaque de silienciador 151226', 3, 0, 1),
(437, 'empaque de tapa de tanque 800309', 3, 0, 1),
(438, 'empaque de tapa shindaiwa', 3, 0, 1),
(439, 'empaque tipo o 971802', 3, 0, 1),
(440, 'empaquetadura 121205', 3, 0, 1),
(441, 'empaquetadura 121206', 3, 0, 1),
(442, 'empaquetadura 815302', 3, 0, 1),
(443, 'empaquetadura 834109', 3, 0, 1),
(444, 'empaquetadura o prensaestopa jacto', 3, 0, 1),
(445, 'empaquetadura p/c230-ah230-22f 121206', 3, 0, 1),
(446, 'empu帽adura jacto', 3, 0, 1),
(447, 'empu帽adura solo', 3, 0, 1),
(448, 'engeo x 1 lt', 3, 0, 1),
(449, 'engeo x 250 ml', 3, 0, 1),
(450, 'enziprom x 1 lt.', 3, 0, 1),
(451, 'enziprom x 250 ml', 3, 0, 1),
(452, 'enziprom x 500cc.', 3, 0, 1),
(453, 'epico x 100 gr (caja)', 3, 0, 1),
(454, 'epico x 100 gr (sobre)', 3, 0, 1),
(455, 'equipo basico de proteccion bioverde - basf', 3, 0, 1),
(456, 'equipo de proteccion bcs', 3, 0, 1),
(457, 'equipo de proteccion jacto', 3, 0, 1),
(458, 'ergostim xl x 200ml', 3, 0, 1),
(459, 'ergostim xl x lt', 3, 0, 1),
(460, 'ergoxyl x lt', 3, 0, 1),
(461, 'erraser 757 x kg', 3, 0, 1),
(462, 'espaciador 404858', 3, 0, 1),
(463, 'espinaca american * 100 g.', 3, 0, 1),
(464, 'espinaca danish * 1 kg.', 3, 0, 1),
(465, 'espinaca falcon f1 x 500 gr.', 3, 0, 1),
(466, 'espinaca viroflay american seed * 100 g.', 3, 0, 1),
(467, 'espinaca viroflay asgrow * 1/2 kg.', 3, 0, 1),
(468, 'estelar x lt', 3, 0, 1),
(469, 'estrovet x 50ml.', 3, 0, 1),
(470, 'ethrel x 100cc.', 3, 0, 1),
(471, 'ethrel x 1lt.', 3, 0, 1),
(472, 'ethrel x 250ml.', 3, 0, 1),
(473, 'ethrel x 500 ml,', 3, 0, 1),
(474, 'exclusive 75 wp x 70grs.', 3, 0, 1),
(475, 'extravon x lt.', 3, 0, 1),
(476, 'faena x 1 lt.', 3, 0, 1),
(477, 'faena x 250 cc.', 3, 0, 1),
(478, 'faena x 500 cc.', 3, 0, 1),
(479, 'farmathe x 100grs.', 3, 0, 1),
(480, 'farmathe x 1kg.', 3, 0, 1),
(481, 'farmathe x 200grs.', 3, 0, 1),
(482, 'farmathe x 500grs.', 3, 0, 1),
(483, 'farmezin x lt', 3, 0, 1),
(484, 'fastac x 1lt', 3, 0, 1),
(485, 'fastac x 250ml.', 3, 0, 1),
(486, 'fenil butazona x 20cc.', 3, 0, 1),
(487, 'fenkil x 1 kilo', 3, 0, 1),
(488, 'fertiphos plus gran x 50 kilos', 3, 0, 1),
(489, 'fetrilon combi x 1kg.', 3, 0, 1),
(490, 'fetrilon combi x 250grs.', 3, 0, 1),
(491, 'fijador de embolo p/pjh', 3, 0, 1),
(492, 'filtro de aire p/es726 821200', 3, 0, 1),
(493, 'filtro de combustible 854006', 3, 0, 1),
(494, 'filtro f-1 economico p/es726 885510', 3, 0, 1),
(495, 'filtro jacto', 3, 0, 1),
(496, 'filtro metalico boquilla p/es726 404423', 3, 0, 1),
(497, 'filtro solo', 3, 0, 1),
(498, 'fitaminas x ? lt.', 3, 0, 1),
(499, 'fitaminas x 1 lt.', 3, 0, 1),
(500, 'fitaminas x 500ml.', 3, 0, 1),
(501, 'fitoklin x 250grs.', 3, 0, 1),
(502, 'fitoklin x kg', 3, 0, 1),
(503, 'fitoraz x 1kg.', 3, 0, 1),
(504, 'fitoraz x 500grs.', 3, 0, 1),
(505, 'flauta solo', 3, 0, 1),
(506, 'flete', 3, 0, 1),
(507, 'flint x 100grs.', 3, 0, 1),
(508, 'flint x 200grs.', 3, 0, 1),
(509, 'flint x 600grs.', 3, 0, 1),
(510, 'flowbee x ? lt', 3, 0, 1),
(511, 'flowbee x 1 lt..', 3, 0, 1),
(512, 'fobos x 200 gr', 3, 0, 1),
(513, 'fobos x kg', 3, 0, 1),
(514, 'foli-zyme x kg', 3, 0, 1),
(515, 'folicur x 1lt.', 3, 0, 1),
(516, 'folicur x 250ml.', 3, 0, 1),
(517, 'folicur x 5 lts.', 3, 0, 1),
(518, 'folix caltrat x 20 lt', 3, 0, 1),
(519, 'folix caltrat x lt', 3, 0, 1),
(520, 'folix ka x lt', 3, 0, 1),
(521, 'folix phos x lt', 3, 0, 1),
(522, 'folix phoska x lt', 3, 0, 1),
(523, 'fordazim x 1lt.', 3, 0, 1),
(524, 'fordazim x 250 ml', 3, 0, 1),
(525, 'fordazim x 500ml', 3, 0, 1),
(526, 'formidor x 500 grs.', 3, 0, 1),
(527, 'formol x1 litro', 3, 0, 1),
(528, 'forte x 250 g', 3, 0, 1),
(529, 'fosfato x 50kgs.', 3, 0, 1),
(530, 'fosfi tog x 1lt.', 3, 0, 1),
(531, 'fosfi tog x 500cc.', 3, 0, 1),
(532, 'fosfitog x 250ml.', 3, 0, 1),
(533, 'frutyflor x 1 lt.', 3, 0, 1),
(534, 'fuego x 4l', 3, 0, 1),
(535, 'fuego x lt', 3, 0, 1),
(536, 'fuera x 1lt.', 3, 0, 1),
(537, 'fuera x 250 ml', 3, 0, 1),
(538, 'fuera x 500 ml', 3, 0, 1),
(539, 'fuerza x 250 ml', 3, 0, 1),
(540, 'fuerza x lt', 3, 0, 1),
(541, 'full 125 x 100ml.', 3, 0, 1),
(542, 'furadan 4f x 1lt.', 3, 0, 1),
(543, 'furadan 4f x 250 cc.', 3, 0, 1),
(544, 'furadan x 12.5kgs.', 3, 0, 1),
(545, 'furadan x 1kg.', 3, 0, 1),
(546, 'furia x 1lt.', 3, 0, 1),
(547, 'furia x 500cc.', 3, 0, 1),
(548, 'furia x 50kgs.', 3, 0, 1),
(549, 'furore x 1lt.', 3, 0, 1),
(550, 'fx combi x 250 g.', 3, 0, 1),
(551, 'galben 73 x kg', 3, 0, 1),
(552, 'galigan 240 ec x 250 ml', 3, 0, 1),
(553, 'galigan 240 ec x lt', 3, 0, 1),
(554, 'gancho de correa solo', 3, 0, 1),
(555, 'gapul plus x 25 grs', 3, 0, 1),
(556, 'gapul talquera x 100grs.', 3, 0, 1),
(557, 'garraba帽o x 10ml.', 3, 0, 1),
(558, 'garraba帽o x 20 ml.', 3, 0, 1),
(559, 'gastion pastillas', 3, 0, 1),
(560, 'gatillo jacto', 3, 0, 1),
(561, 'genox boro x 200grs.', 3, 0, 1),
(562, 'genox ca x 200grs.', 3, 0, 1),
(563, 'genuino x litro', 3, 0, 1),
(564, 'gesaprim x 1kg.', 3, 0, 1),
(565, 'gesaprim x 250grs.', 3, 0, 1),
(566, 'gesaprim x 500grs.', 3, 0, 1),
(567, 'gibbex x 125 cc.', 3, 0, 1),
(568, 'giberol compact x tabletas', 3, 0, 1),
(569, 'glifolaq 36 sl x lt', 3, 0, 1),
(570, 'goal x 1lt.', 3, 0, 1),
(571, 'goal x 250ml.', 3, 0, 1),
(572, 'golden natural oil x 1lt.', 3, 0, 1),
(573, 'gragon frasco x 15cc.', 3, 0, 1),
(574, 'gramavert grass x kg', 3, 0, 1),
(575, 'graminol x lt', 3, 0, 1),
(576, 'gramoxone x lt', 3, 0, 1),
(577, 'granumax x 50 k', 3, 0, 1),
(578, 'grasa para caja de engranaje 283 gr', 3, 0, 1),
(579, 'greenzit k50 x 20 lt.', 3, 0, 1),
(580, 'greenzit k50 x lt.', 3, 0, 1),
(581, 'grifo solo', 3, 0, 1),
(582, 'grow more x 75grs.', 3, 0, 1),
(583, 'grow phos x 1lt.', 3, 0, 1),
(584, 'growcombi x ? kg.', 3, 0, 1),
(585, 'growcombi x 1 kg.', 3, 0, 1),
(586, 'growcombi x 250grs', 3, 0, 1),
(587, 'growmore 10-55-10 kg.', 3, 0, 1),
(588, 'growmore 20-20-20 kg.', 3, 0, 1),
(589, 'growmore 32-10-10 kg.', 3, 0, 1),
(590, 'growmore 5-10-40 kg.', 3, 0, 1),
(591, 'halizan x 1kg.', 3, 0, 1),
(592, 'halizan x 250grs.', 3, 0, 1),
(593, 'halizan x 500grs.', 3, 0, 1),
(594, 'hard - tog x lt.', 3, 0, 1),
(595, 'harvest more 10-55-10 x kg', 3, 0, 1),
(596, 'harvest more 20-20-20 x kg', 3, 0, 1),
(597, 'harvest more 30-10-10 x kg', 3, 0, 1),
(598, 'headline pro x 250 ml', 3, 0, 1),
(599, 'hedonal x 1lt.', 3, 0, 1),
(600, 'hematofos x 10ml.', 3, 0, 1),
(601, 'hematopan x 10ml', 3, 0, 1),
(602, 'herbosato x lt', 3, 0, 1),
(603, 'hierro dextran iny x 10ml.', 3, 0, 1),
(604, 'homai x 100grs.', 3, 0, 1),
(605, 'homai x 500 gr', 3, 0, 1),
(606, 'humax x lt', 3, 0, 1),
(607, 'humega x lt', 3, 0, 1),
(608, 'humic acid granulado x 50 lbs', 3, 0, 1),
(609, 'humifos x 1lt.', 3, 0, 1),
(610, 'hydra hume dg x 50 kg', 3, 0, 1),
(611, 'hydrofert ca.b x 4litros', 3, 0, 1),
(612, 'hydrofert potasio x 2o lt', 3, 0, 1),
(613, 'iliren x 10ml.', 3, 0, 1),
(614, 'infinito sc x 250 ml', 3, 0, 1),
(615, 'infinito sc x 500 ml', 3, 0, 1),
(616, 'infinito sc x lt', 3, 0, 1),
(617, 'interruptor(switch) 889015', 3, 0, 1),
(618, 'invento x 1kg.', 3, 0, 1),
(619, 'ivomec x 50ml.', 3, 0, 1),
(620, 'jeringa de fibra x 20ml.', 3, 0, 1),
(621, 'jeringa descartable x 1 cc.', 3, 0, 1),
(622, 'jeringa descartable x 10cc.', 3, 0, 1),
(623, 'jeringa descartable x 20ml.', 3, 0, 1),
(624, 'jeringa descartable x 5ml.', 3, 0, 1),
(625, 'juego de anillos del piston 412100', 3, 0, 1),
(626, 'juego de arandelas y pasadores jacto', 3, 0, 1),
(627, 'juego de arandelas y trabas de fijacion', 3, 0, 1),
(628, 'juego de hebillas y gancho jacto', 3, 0, 1),
(629, 'juego de valvulas 457506', 3, 0, 1),
(630, 'junta 4074350 solo', 3, 0, 1),
(631, 'junta anular 4061342', 3, 0, 1),
(632, 'junta conica jacto', 3, 0, 1),
(633, 'juwel x 1 lt', 3, 0, 1),
(634, 'kabal plus 15 x 50kg', 3, 0, 1),
(635, 'kabal x 50 kg', 3, 0, 1),
(636, 'kalifol x 1kg.', 3, 0, 1),
(637, 'karate x 1lt.', 3, 0, 1),
(638, 'karate x 250cc.', 3, 0, 1),
(639, 'kasumin x 500 ml', 3, 0, 1),
(640, 'kasumin x lt', 3, 0, 1),
(641, 'kaytar x 500ml', 3, 0, 1),
(642, 'kaytar x lt', 3, 0, 1),
(643, 'kelik k x 1lt.', 3, 0, 1),
(644, 'kelik k x 5lts.', 3, 0, 1),
(645, 'kelpak x 20 lt', 3, 0, 1),
(646, 'kelpak x lt', 3, 0, 1),
(647, 'keltex ca.bo x 1lt.', 3, 0, 1),
(648, 'keltex ca.bo x 500ml.', 3, 0, 1),
(649, 'keltex papa x 1lt.', 3, 0, 1),
(650, 'kimbiri x litro', 3, 0, 1),
(651, 'kimelgran x 25kgs.', 3, 0, 1),
(652, 'kinetic x 1lt.', 3, 0, 1),
(653, 'kinetic x 200ml.', 3, 0, 1),
(654, 'kinetic x 50ml.', 3, 0, 1),
(655, 'king plus mg x lt', 3, 0, 1),
(656, 'kit de empaquetaduras y diafragmas 802550', 3, 0, 1),
(657, 'klerat pellets x 25 grs', 3, 0, 1),
(658, 'klorofila x 1lt.', 3, 0, 1),
(659, 'kobres liq x 1lt.', 3, 0, 1),
(660, 'kobres liq x 500ml.', 3, 0, 1),
(661, 'koltar x 250ml', 3, 0, 1),
(662, 'kreso x 1 litro', 3, 0, 1),
(663, 'kreso x 100ml.', 3, 0, 1),
(664, 'kreso x 200 ml.', 3, 0, 1),
(665, 'kresol x 1lt.', 3, 0, 1),
(666, 'kuromil 90 x 100 gr.', 3, 0, 1),
(667, 'lanmark x 100 gr', 3, 0, 1),
(668, 'lanza de pulv 3 boquillas/sg-503 strong', 3, 0, 1),
(669, 'larvodan 480 sc x 250ml', 3, 0, 1),
(670, 'larvodan 480 sc x 500 ml', 3, 0, 1),
(671, 'larvodan 480 sc x lt', 3, 0, 1),
(672, 'lasser x 1lt.', 3, 0, 1),
(673, 'lasser x 250 ml', 3, 0, 1),
(674, 'lasser x 500 ml', 3, 0, 1),
(675, 'lebazoob x 10cc.', 3, 0, 1),
(676, 'lechuga grizzlynx 100 gr.', 3, 0, 1),
(677, 'lechuga legacy - takii x 100 gr.', 3, 0, 1),
(678, 'lechuga mohawk x 100gr', 3, 0, 1),
(679, 'legasus x kg', 3, 0, 1),
(680, 'lentin x 50cc.', 3, 0, 1),
(681, 'lesenta 80wg x (10 x 100gr)', 3, 0, 1),
(682, 'lesenta 80wg x 100gr', 3, 0, 1),
(683, 'lessick x 500 gr', 3, 0, 1),
(684, 'lessick x kg', 3, 0, 1),
(685, 'li 700 x 250ml', 3, 0, 1),
(686, 'li 700 x lt', 3, 0, 1),
(687, 'licthor x lt', 3, 0, 1),
(688, 'llave hexagonal nacional', 3, 0, 1),
(689, 'llave p/es726', 3, 0, 1),
(690, 'llave solo', 3, 0, 1),
(691, 'lorox x 1kg.', 3, 0, 1),
(692, 'lorox x 500grs.', 3, 0, 1),
(693, 'lorsban x 1kg.', 3, 0, 1),
(694, 'lorsban x 250cc.', 3, 0, 1),
(695, 'luna tranquility x 250ml', 3, 0, 1),
(696, 'lunatranquility x lt', 3, 0, 1),
(697, 'luxazim x 1lt.', 3, 0, 1),
(698, 'luxazim x 250ml.', 3, 0, 1),
(699, 'luxazim x 500ml.', 3, 0, 1),
(700, 'm.t.d x 250cc.', 3, 0, 1),
(701, 'm.t.d. x 1lt.', 3, 0, 1),
(702, 'm.t.d. x 500cc.', 3, 0, 1),
(703, 'maicero x 1lt.', 3, 0, 1),
(704, 'maiz 5-8-4 molina x 1kg.', 3, 0, 1),
(705, 'maiz cuzqueado * 1 kg', 3, 0, 1),
(706, 'maiz cuzqueado * 1/2 kg', 3, 0, 1),
(707, 'maiz san jeronimo x 1kg.', 3, 0, 1),
(708, 'maiz san jeronimo x 500grs.', 3, 0, 1),
(709, 'malathion x 1kg.', 3, 0, 1),
(710, 'malathion x 500grs.', 3, 0, 1),
(711, 'mancozil x 1kg.', 3, 0, 1),
(712, 'mancozil x 500grs.', 3, 0, 1),
(713, 'maneta montada solo', 3, 0, 1),
(714, 'mango de registro pjh - 9000', 3, 0, 1),
(715, 'manguera abrazadera solo', 3, 0, 1),
(716, 'manguera de alta presion p/es726 457573', 3, 0, 1),
(717, 'manguera jacto', 3, 0, 1),
(718, 'manguera solo', 3, 0, 1),
(719, 'manguito viton nacional', 3, 0, 1),
(720, 'manguito viton solo', 3, 0, 1),
(721, 'manija solo', 3, 0, 1),
(722, 'manilla p/es726 452246', 3, 0, 1),
(723, 'marcador de ganado', 3, 0, 1),
(724, 'matador 600 sl x 250 ml', 3, 0, 1),
(725, 'matador 600 sl x lt', 3, 0, 1),
(726, 'matanox x 10ml.', 3, 0, 1),
(727, 'matanox x 1lt.', 3, 0, 1),
(728, 'matanox x 20ml.', 3, 0, 1),
(729, 'maxi cover x 100ml', 3, 0, 1),
(730, 'maxi-cover x lt', 3, 0, 1),
(731, 'megagib 10g', 3, 0, 1),
(732, 'membrana solo', 3, 0, 1),
(733, 'mertect x 100 ml', 3, 0, 1),
(734, 'mertect x 1lt.', 3, 0, 1),
(735, 'mertect x 250ml.', 3, 0, 1),
(736, 'mesurol x 1lt.', 3, 0, 1),
(737, 'milver x 100cc.', 3, 0, 1),
(738, 'mirex x 250 grs.', 3, 0, 1),
(739, 'mirex x 250 grs', 3, 0, 1),
(740, 'mita x 250ml', 3, 0, 1),
(741, 'mita x litro', 3, 0, 1),
(742, 'mocap x 15 kg', 3, 0, 1),
(743, 'mocap x kg', 3, 0, 1),
(744, 'mochila a motor honda 4t', 3, 0, 1),
(745, 'mochila a motor solo x 23lts.', 3, 0, 1),
(746, 'mochila bayer x 20lt', 3, 0, 1),
(747, 'mochila bellota x 20lts.', 3, 0, 1),
(748, 'mochila guarany x 20lts.', 3, 0, 1),
(749, 'mochila jacto x 10lts.', 3, 0, 1),
(750, 'mochila jacto x 16lts.', 3, 0, 1),
(751, 'mochila jacto x 20lts.', 3, 0, 1),
(752, 'mochila jacto xp 20 x 20 lt', 3, 0, 1),
(753, 'mochila matabi x 20lts.', 3, 0, 1),
(754, 'mochila royal condor x 20 lt', 3, 0, 1),
(755, 'mochila solo 425 domestic x 15lts.', 3, 0, 1),
(756, 'mochila solo x 15lts.', 3, 0, 1),
(757, 'mochila solo x 20lts.', 3, 0, 1),
(758, 'molimax 20-20-20 x 50 kilos', 3, 0, 1),
(759, 'molimax maiz gigante', 3, 0, 1),
(760, 'molimax papa x 50kgs.', 3, 0, 1),
(761, 'momentum x kg', 3, 0, 1),
(762, 'monitor 600 x 1 lt', 3, 0, 1),
(763, 'mortero x 250ml', 3, 0, 1),
(764, 'motopulverizador agroforza x 25 kg', 3, 0, 1),
(765, 'motopulverizador shindaiwa x 26lts.', 3, 0, 1),
(766, 'motopulverizadora x 25 lt echo', 3, 0, 1),
(767, 'multi frut x 1kg', 3, 0, 1),
(768, 'murder x 250 ml', 3, 0, 1),
(769, 'murder x lt', 3, 0, 1),
(770, 'n-large x frasco', 3, 0, 1),
(771, 'nativo x 100 gr', 3, 0, 1),
(772, 'nativo x kg', 3, 0, 1),
(773, 'neguvon polvo x 15grs.', 3, 0, 1),
(774, 'nemakil 15g x 5 kilos', 3, 0, 1),
(775, 'nemathor 15g x 5 kg', 3, 0, 1),
(776, 'nemathor x 1lt.', 3, 0, 1),
(777, 'nemathor x 500ml.', 3, 0, 1),
(778, 'neogan x 1lt.', 3, 0, 1),
(779, 'neogan x 250ml.', 3, 0, 1),
(780, 'nicozine x lt', 3, 0, 1),
(781, 'nitrato de calcio granulado x 25 kg(qrop calcium plus)', 3, 0, 1),
(782, 'nitrato de calcio granulado x 50kgs.', 3, 0, 1),
(783, 'nitrato de potasio cristalizado x 1kg.', 3, 0, 1),
(784, 'nitrato x 50kgs.', 3, 0, 1),
(785, 'nitro - s x 50 kg', 3, 0, 1),
(786, 'novavit x 250cc.', 3, 0, 1),
(787, 'nucleo de turbulencia p/es726 4050771', 3, 0, 1),
(788, 'nutrifert 20-20-20 x 50 kg', 3, 0, 1),
(789, 'nutrifert 30-4-4 x 50 kg', 3, 0, 1),
(790, 'nutrifert papa sierra x 50 kg', 3, 0, 1),
(791, 'nutrisal 10-40-10 x 1kg.', 3, 0, 1),
(792, 'oligomix x 100grs.', 3, 0, 1),
(793, 'oncol x 1lt.', 3, 0, 1),
(794, 'oncol x 250 ml', 3, 0, 1),
(795, 'oncol x 500ml.', 3, 0, 1),
(796, 'opera x 1lt.', 3, 0, 1),
(797, 'opera x 250 ml', 3, 0, 1),
(798, 'oriol 400 ce x lt', 3, 0, 1),
(799, 'orthene x 100grs.', 3, 0, 1),
(800, 'oximax x 100 cc.', 3, 0, 1),
(801, 'oximax x 50cc.', 3, 0, 1),
(802, 'oxitetraciclina x 500ml.', 3, 0, 1),
(803, 'oxitocina x 10ml.', 3, 0, 1),
(804, 'packhard x 10 litros', 3, 0, 1),
(805, 'packhard antistress x 5 lt', 3, 0, 1),
(806, 'packhard antistress x lt', 3, 0, 1),
(807, 'packhard ca firmeza x lt', 3, 0, 1),
(808, 'packhard k x litro', 3, 0, 1),
(809, 'packhard x 1lt.', 3, 0, 1),
(810, 'packhard x 20lts.', 3, 0, 1),
(811, 'packhard x 250ml.', 3, 0, 1),
(812, 'packhard x 4 lt', 3, 0, 1),
(813, 'packhard x 500ml.', 3, 0, 1),
(814, 'padan x 500grs.', 3, 0, 1),
(815, 'padan x 800grs.', 3, 0, 1),
(816, 'palanca con manija jacto', 3, 0, 1),
(817, 'palanca de fibra solo', 3, 0, 1),
(818, 'palanca solo', 3, 0, 1),
(819, 'pantalla solo', 3, 0, 1),
(820, 'pantera oil vegetal x lt', 3, 0, 1),
(821, 'pantera phos x lt', 3, 0, 1),
(822, 'pantera pk 730 x 1 lt', 3, 0, 1),
(823, 'pantera potasio x lt', 3, 0, 1),
(824, 'pantera traslladen x lt', 3, 0, 1),
(825, 'parachupadera x 200 gr', 3, 0, 1),
(826, 'parapid x 1 l', 3, 0, 1),
(827, 'pasador 4074721-423 solo', 3, 0, 1),
(828, 'pasador d/. cambio', 3, 0, 1),
(829, 'patron x 70grs.', 3, 0, 1),
(830, 'pecutrin x 1kg. bolsa.', 3, 0, 1),
(831, 'penicilina benzatinica x 10ml.', 3, 0, 1),
(832, 'penicilina benzatinica x 20cc.', 3, 0, 1),
(833, 'penicilina kanamicina x 10ml.', 3, 0, 1),
(834, 'pentacloro farmex x 1kg.', 3, 0, 1),
(835, 'pentacloro farmex x 450g', 3, 0, 1),
(836, 'pentacloro saume x kg', 3, 0, 1),
(837, 'perfekthion x 500 ml', 3, 0, 1),
(838, 'perfekthion x lt', 3, 0, 1),
(839, 'perno 4074295 solo', 3, 0, 1),
(840, 'ph master x 1 lt', 3, 0, 1),
(841, 'ph master x 500 ml', 3, 0, 1),
(842, 'phostoxin pastilla', 3, 0, 1),
(843, 'phyton x 1lt.', 3, 0, 1),
(844, 'phyton x 200 ml', 3, 0, 1),
(845, 'phyton x 500 ml', 3, 0, 1),
(846, 'pieza de retenci?n solo', 3, 0, 1),
(847, 'pin solo 4031130', 3, 0, 1),
(848, 'pinza jacto', 3, 0, 1),
(849, 'pistola d/pulv. regulable 2/sg-103 strong - 500103', 3, 0, 1),
(850, 'pistola regulable g-12 p/es726', 3, 0, 1),
(851, 'piston 4073558 solo', 3, 0, 1),
(852, 'piston 4074336', 3, 0, 1),
(853, 'piston completo p/es726(802510)', 3, 0, 1),
(854, 'piston solo p/c230-es726(411105)', 3, 0, 1),
(855, 'pix x 500 ml', 3, 0, 1),
(856, 'pix x lt', 3, 0, 1),
(857, 'placa (boquilla) p/es726 455531', 3, 0, 1),
(858, 'placa de junta 4061257', 3, 0, 1),
(859, 'plentyphos x 1lt.', 3, 0, 1),
(860, 'plex boro x lt', 3, 0, 1),
(861, 'plex cab x lt', 3, 0, 1),
(862, 'plex calcio boro x 20 lt', 3, 0, 1),
(863, 'poderoxin x 100grs.', 3, 0, 1),
(864, 'poderoxin x 10grs.', 3, 0, 1),
(865, 'polyran x 1kg.', 3, 0, 1),
(866, 'porongos milkan x 50, 40, 30, 20, 10, 5 litros', 3, 0, 1),
(867, 'positron x 1kg.', 3, 0, 1),
(868, 'positron x 250grs.', 3, 0, 1),
(869, 'positron x 750 grs.', 3, 0, 1),
(870, 'power phos 2-50-0 x lt', 3, 0, 1),
(871, 'powergizer x 1lt.', 3, 0, 1),
(872, 'powergizer x 20 lt', 3, 0, 1),
(873, 'precision x 1lt.', 3, 0, 1),
(874, 'predostar x 300 gr.', 3, 0, 1),
(875, 'previcur x 1lt.', 3, 0, 1),
(876, 'previcur x 250ml.', 3, 0, 1),
(877, 'previcur x 500cc.', 3, 0, 1),
(878, 'proenzim x lt.', 3, 0, 1),
(879, 'promalina x 125ml.', 3, 0, 1),
(880, 'promalina x 30ml.', 3, 0, 1),
(881, 'promalina x 500ml.', 3, 0, 1),
(882, 'promess x 500 ml', 3, 0, 1),
(883, 'promess x lt', 3, 0, 1),
(884, 'promet b x lt', 3, 0, 1),
(885, 'promet ca x lt', 3, 0, 1),
(886, 'promet cu x 250 ml', 3, 0, 1),
(887, 'promet cu x lt', 3, 0, 1),
(888, 'protexin x 1lt.', 3, 0, 1),
(889, 'proturon x 1 kg', 3, 0, 1),
(890, 'proturon x 100 gr', 3, 0, 1),
(891, 'proturon x 500 gr', 3, 0, 1),
(892, 'provado combi x 1lt.', 3, 0, 1),
(893, 'pulverizadora a motor 433 solo', 3, 0, 1),
(894, 'pulverizadora gragon', 3, 0, 1),
(895, 'puncher x litro', 3, 0, 1),
(896, 'pyrimetha x 1lt.', 3, 0, 1),
(897, 'pyrimetha x 250ml.', 3, 0, 1),
(898, 'pyrimetha x 500ml.', 3, 0, 1),
(899, 'qrop complex 12-4-20 x 50 kg', 3, 0, 1),
(900, 'qrop complex 19-4-19 x 50 kg', 3, 0, 1),
(901, 'quadris x 40 gr.', 3, 0, 1),
(902, 'quatex x 1l', 3, 0, 1),
(903, 'questrum x 330 ml', 3, 0, 1),
(904, 'questrum x lt', 3, 0, 1),
(905, 'quimifol pk 990 x 1kg.', 3, 0, 1),
(906, 'quimifosato x 5 lt', 3, 0, 1),
(907, 'quimifosato x lt', 3, 0, 1),
(908, 'quimix x 1lt.', 3, 0, 1),
(909, 'quimix x 500ml.', 3, 0, 1),
(910, 'rabanito american * 1/2 kg.', 3, 0, 1),
(911, 'racumin x 50grs.', 3, 0, 1),
(912, 'radigrow x lt', 3, 0, 1),
(913, 'raid doble accion x 400ml.', 3, 0, 1),
(914, 'raid morada pulgas x 400 ml.', 3, 0, 1),
(915, 'raid polillas x 400', 3, 0, 1),
(916, 'ranger flash x 1 lt.', 3, 0, 1),
(917, 'ranger flash 80 wp x 1 kg', 3, 0, 1),
(918, 'ranide x 1lt.', 3, 0, 1),
(919, 'ranide x 200ml.', 3, 0, 1),
(920, 'ranide x 500ml.', 3, 0, 1),
(921, 'ranide x 75ml. cojin', 3, 0, 1),
(922, 'rank x 20ml.', 3, 0, 1),
(923, 'rayo 500fw x lt', 3, 0, 1),
(924, 'rayo x 20lt', 3, 0, 1),
(925, 'rayo x 4lt', 3, 0, 1),
(926, 'razormin x 1lt.', 3, 0, 1),
(927, 'razormin x 250cc.', 3, 0, 1),
(928, 'rectador manual', 3, 0, 1),
(929, 'reforce x lt', 3, 0, 1),
(930, 'refuerzo base jacto', 3, 0, 1),
(931, 'regent x 1lt.', 3, 0, 1),
(932, 'regent x 250ml.', 3, 0, 1),
(933, 'regent x 500ml.', 3, 0, 1),
(934, 'reglan x 250ml', 3, 0, 1),
(935, 'reglan x litro', 3, 0, 1),
(936, 'resorte de embrague 512200', 3, 0, 1),
(937, 'resorte de presi?n solo', 3, 0, 1),
(938, 'resorte de valvula 408065', 3, 0, 1),
(939, 'resorte de valvula 448541', 3, 0, 1),
(940, 'resorte de valvula 448541', 3, 0, 1),
(941, 'resorte de valvula p/es726 408065', 3, 0, 1),
(942, 'resorte p/577-757 (722300)', 3, 0, 1),
(943, 'resorte recular de arrancador 751300', 3, 0, 1),
(944, 'resorte solo 70259', 3, 0, 1),
(945, 'reten del tanque de comb p/es726 853512', 3, 0, 1),
(946, 'revus 250sc x 1 lt', 3, 0, 1),
(947, 'revus 250sc x 250 ml', 3, 0, 1),
(948, 'rezio gold x 150 grs', 3, 0, 1),
(949, 'rhizolex x 200 gr', 3, 0, 1),
(950, 'rhizolex x 500 gr', 3, 0, 1),
(951, 'rhodax x 1kg.', 3, 0, 1),
(952, 'rhodax x 200grs.', 3, 0, 1),
(953, 'rhonamina x 1lt.', 3, 0, 1),
(954, 'rhuzterr x 20kgs.', 3, 0, 1),
(955, 'ridomil x 1kg.', 3, 0, 1),
(956, 'ridomil x 250grs.', 3, 0, 1),
(957, 'ripercol x 24grs.', 3, 0, 1),
(958, 'rodilon x 10grs.', 3, 0, 1),
(959, 'romano plus x 30ml.', 3, 0, 1),
(960, 'root-hor x 1lt.', 3, 0, 1),
(961, 'root-hor x 250ml.', 3, 0, 1),
(962, 'rovral x 1kg.', 3, 0, 1),
(963, 'rovral x 200grs.', 3, 0, 1),
(964, 'rugby x 5 k', 3, 0, 1),
(965, 'rumivet x 100grs.', 3, 0, 1),
(966, 'rye grass magnum x 25kgs.', 3, 0, 1),
(967, 'ryegrass magnum * 1 kg', 3, 0, 1),
(968, 'ryegrass magnum * 1/2 kg', 3, 0, 1),
(969, 'ryegrass magnum * 1/4 kg.', 3, 0, 1),
(970, 'ryegrass pastoreo * 1 kg', 3, 0, 1),
(971, 'ryegrass pastoreo * 1/2 kg', 3, 0, 1),
(972, 'ryegrass pastoreo * 1/4 kg.', 3, 0, 1),
(973, 'ryegrass tama italiano * 1/2 kg', 3, 0, 1),
(974, 'ryegrass tama italiano * 1 k', 3, 0, 1),
(975, 'ryegrass tama italiano * 1/4 kg', 3, 0, 1),
(976, 'ryz up x 100cc.', 3, 0, 1),
(977, 'ryz up x 25cc.', 3, 0, 1),
(978, 'ryz up x 5lts.', 3, 0, 1),
(979, 'sal negra x 1kg.', 3, 0, 1),
(980, 'sal negra x 250grs.', 3, 0, 1),
(981, 'sal negra x 500grs.', 3, 0, 1),
(982, 'sandia en sobre', 3, 0, 1),
(983, 'sanfosato x 4 lt', 3, 0, 1),
(984, 'sanfosato x lt', 3, 0, 1),
(985, 'santrazina x 1 litro', 3, 0, 1),
(986, 'sarnavet x 100grs.', 3, 0, 1),
(987, 'sarnavet x 1kg.', 3, 0, 1),
(988, 'sarnavet x 25grs.', 3, 0, 1),
(989, 'sarnavet x 500grs.', 3, 0, 1),
(990, 'score x 1lt.', 3, 0, 1),
(991, 'score x 250cc.', 3, 0, 1),
(992, 'scud x 250 ml,', 3, 0, 1),
(993, 'scud x 1lt.', 3, 0, 1),
(994, 'se tt x lt', 3, 0, 1),
(995, 'sectin 60 wp x 1kg.', 3, 0, 1),
(996, 'sectin wp 60 x 500grs.', 3, 0, 1),
(997, 'seguro de base jacto', 3, 0, 1),
(998, 'selecron x 1lt.', 3, 0, 1),
(999, 'sello 800132', 3, 0, 1),
(1000, 'sello 800142', 3, 0, 1),
(1001, 'sello de ranura 442931', 3, 0, 1),
(1002, 'semevin 350 sc x 1 litro', 3, 0, 1),
(1003, 'semevin x 200cc.', 3, 0, 1),
(1004, 'sencor x 1lt.', 3, 0, 1),
(1005, 'sencor x 250ml.', 3, 0, 1),
(1006, 'senior x 250 ml', 3, 0, 1),
(1007, 'senior x litro', 3, 0, 1),
(1008, 'shampoo amigo x 15ml.', 3, 0, 1),
(1009, 'shampoo dokys x 25cc', 3, 0, 1),
(1010, 'sherpa x 1lt.', 3, 0, 1),
(1011, 'sherpa x 200 ml', 3, 0, 1),
(1012, 'sherpa x 250cc.', 3, 0, 1),
(1013, 'sherpa x 500ml.', 3, 0, 1),
(1014, 'sikosto x lt', 3, 0, 1),
(1015, 'silvacur combi x 1lt.', 3, 0, 1),
(1016, 'silvacur combi x 250ml.', 3, 0, 1),
(1017, 'speedfol balance 20-20-20 x kg', 3, 0, 1),
(1018, 'speedfol starter 9-45-15 x kg', 3, 0, 1),
(1019, 'speedy x lt', 3, 0, 1),
(1020, 'sportak x 1lt.', 3, 0, 1),
(1021, 'sportak x 250ml.', 3, 0, 1),
(1022, 'stermin x 1lt.', 3, 0, 1),
(1023, 'stimplex g x 1lt.', 3, 0, 1),
(1024, 'stimplex g x 500cc.', 3, 0, 1),
(1025, 'stimulate x lt', 3, 0, 1),
(1026, 'stroby x 200 gr', 3, 0, 1),
(1027, 'stroby x 600 gr', 3, 0, 1),
(1028, 'strong power x 1 lt.', 3, 0, 1),
(1029, 'strong power x 10 lt.', 3, 0, 1),
(1030, 'strong power x 20 lts', 3, 0, 1),
(1031, 'strong power x 4 lt.', 3, 0, 1),
(1032, 'sugar mover x lt', 3, 0, 1),
(1033, 'sujetador p/b45la 854402', 3, 0, 1),
(1034, 'sukratt x lt', 3, 0, 1),
(1035, 'sulfato de cobre * 1 kg', 3, 0, 1),
(1036, 'sulfato de cobre * 1/2 kg', 3, 0, 1),
(1037, 'sulfato de cobre * 1/4 kg', 3, 0, 1),
(1038, 'sulfato de estricnina', 3, 0, 1),
(1039, 'sulfato de magnesio(kieserita) x 50 kg', 3, 0, 1),
(1040, 'sulfato de potasio estandar x 50 kgs.', 3, 0, 1),
(1041, 'sulfato de potasio gr. x 50kgs.', 3, 0, 1),
(1042, 'sulfodin x 1kg.', 3, 0, 1),
(1043, 'sulpomac estandar x 50kgs.', 3, 0, 1),
(1044, 'sulpomac gr x 50kgs', 3, 0, 1),
(1045, 'super - a 450 ec x 250cc', 3, 0, 1),
(1046, 'super - a 450 x lt', 3, 0, 1),
(1047, 'super herbox x 1 tl', 3, 0, 1),
(1048, 'super humic x 1 litro', 3, 0, 1),
(1049, 'super h?mico x 4lt.', 3, 0, 1),
(1050, 'super l.a x 20cc.', 3, 0, 1),
(1051, 'super l.a x 50cc.', 3, 0, 1),
(1052, 'superguano papa sierra x 50kg.', 3, 0, 1),
(1053, 'suprass x lt', 3, 0, 1),
(1054, 'suprimer x 40 grs', 3, 0, 1),
(1055, 'tamaron x 1lt.', 3, 0, 1),
(1056, 'tamaron x 250 ml.', 3, 0, 1),
(1057, 'tamaron x 4 lt', 3, 0, 1),
(1058, 'tamaron x 500ml.', 3, 0, 1),
(1059, 'tamaron x 5lts.', 3, 0, 1),
(1060, 'tambac x 100cc.', 3, 0, 1),
(1061, 'tambac x 10ml.', 3, 0, 1),
(1062, 'tambor de arrancador 751200', 3, 0, 1),
(1063, 'tapa de drenaje p/es726 457570', 3, 0, 1),
(1064, 'tapa de ajuste solo', 3, 0, 1),
(1065, 'tapa de bomba 4074234', 3, 0, 1),
(1066, 'tapa de bomba completa p/es726 (813201)', 3, 0, 1),
(1067, 'tapa de boquilla 813201', 3, 0, 1),
(1068, 'tapa de boquilla guarany', 3, 0, 1),
(1069, 'tapa de boquilla jacto', 3, 0, 1),
(1070, 'tapa de boquilla p/es726 881980', 3, 0, 1),
(1071, 'tapa de registro jacto', 3, 0, 1),
(1072, 'tapa de tanque jacto', 3, 0, 1),
(1073, 'tapa de valvula 450719', 3, 0, 1),
(1074, 'tapa registro con orin pjh-9000', 3, 0, 1),
(1075, 'tapa solo 4074755', 3, 0, 1),
(1076, 'tapa sujetadora 813210', 3, 0, 1),
(1077, 'tapon de bujia p/c230-22c 722202', 3, 0, 1),
(1078, 'temik x 5kgs.', 3, 0, 1),
(1079, 'tenaz x 250 ml', 3, 0, 1),
(1080, 'termometro prism?tico', 3, 0, 1),
(1081, 'terramicina tableta', 3, 0, 1),
(1082, 'tifon 2.5% ps x kg', 3, 0, 1),
(1083, 'tifon x 1lt.', 3, 0, 1),
(1084, 'tifon x 250ml', 3, 0, 1),
(1085, 'tifon x 500cc', 3, 0, 1),
(1086, 'timpanol x 100cc.', 3, 0, 1),
(1087, 'tintura de yodo x 120 ml', 3, 0, 1),
(1088, 'tintura de yodo x 30 ml,', 3, 0, 1),
(1089, 'tobera chorro ancho', 3, 0, 1),
(1090, 'tobera regulable solo', 3, 0, 1),
(1091, 'tog - potasio x 1 litro', 3, 0, 1),
(1092, 'tog- calcio x 1 litro', 3, 0, 1),
(1093, 'toke x 50 gms', 3, 0, 1),
(1094, 'tomate accerco * 100 g.', 3, 0, 1),
(1095, 'tomate rio grande accerco * 1/2 kg', 3, 0, 1),
(1096, 'tomate rio grande cal seed x 100grs.', 3, 0, 1),
(1097, 'top cop x lt', 3, 0, 1),
(1098, 'tornillo 475 18257', 3, 0, 1),
(1099, 'tornillo cilindro 10110', 3, 0, 1),
(1100, 'tornillo hexagonal 0012185', 3, 0, 1),
(1101, 'tornillo p/es726 704261', 3, 0, 1),
(1102, 'tornillo p/es726 704352', 3, 0, 1),
(1103, 'tornillo p/es726 704353', 3, 0, 1),
(1104, 'tornillo p`llave 10141', 3, 0, 1),
(1105, 'tornillo p?llave 10165', 3, 0, 1),
(1106, 'traba lanza jacto', 3, 0, 1),
(1107, 'transfer up x 1lt.', 3, 0, 1),
(1108, 'transfer up x 5 lts.', 3, 0, 1),
(1109, 'transfer up x 500cc.', 3, 0, 1),
(1110, 'traslocador x 1lt.', 3, 0, 1),
(1111, 'trebol rojo * 1 kg', 3, 0, 1),
(1112, 'trebol rojo * 1/2 kg.', 3, 0, 1),
(1113, 'trebol rojo x 250grs.', 3, 0, 1),
(1114, 'tricur x 1lt', 3, 0, 1),
(1115, 'trigard x 70grs.', 3, 0, 1),
(1116, 'triggrr x 1lt.', 3, 0, 1),
(1117, 'triggrr x 250cc.', 3, 0, 1),
(1118, 'triggrr x 500cc.', 3, 0, 1),
(1119, 'trigold x 250 ml', 3, 0, 1),
(1120, 'trigold x lt', 3, 0, 1),
(1121, 'tritek x lt', 3, 0, 1),
(1122, 'trivia x 500 gr', 3, 0, 1),
(1123, 'trivia x kg', 3, 0, 1),
(1124, 'trome x 30gr', 3, 0, 1),
(1125, 'tubo atomizador completo jacto', 3, 0, 1),
(1126, 'tubo atomizador guarany', 3, 0, 1),
(1127, 'tubo atomizador jacto', 3, 0, 1),
(1128, 'tubo atomizador solo', 3, 0, 1),
(1129, 'tubo completo p/es726 455785', 3, 0, 1),
(1130, 'tubo de extension 1.5 mt solo', 3, 0, 1),
(1131, 'tubo de lanza p/shp-800 702772', 3, 0, 1),
(1132, 'tubo solo', 3, 0, 1),
(1133, 'tuerca con brida jacto', 3, 0, 1),
(1134, 'tuerca conica jacto', 3, 0, 1),
(1135, 'tuerca hexagonal 20101', 3, 0, 1),
(1136, 'tuerca jacto', 3, 0, 1),
(1137, 'tuerca nacional solo', 3, 0, 1),
(1138, 'tuerca racor solo', 3, 0, 1),
(1139, 'tuerca solo 4074148', 3, 0, 1),
(1140, 'ubresan x 100grs', 3, 0, 1),
(1141, 'ubresan x 400grs.', 3, 0, 1),
(1142, 'ubresanol x 50 grs,', 3, 0, 1),
(1143, 'ubresanol x 100grs.', 3, 0, 1),
(1144, 'ubresanol x 200 grs,', 3, 0, 1),
(1145, 'urea x 50kgs.', 3, 0, 1),
(1146, 'vacun q x lt', 3, 0, 1),
(1147, 'valbazen ovino x 1lt.', 3, 0, 1),
(1148, 'valbazen ovino x 250cc.', 3, 0, 1),
(1149, 'valbazen plus ovino x 100cc.', 3, 0, 1),
(1150, 'valbazen plus ovino x 200ml.', 3, 0, 1),
(1151, 'valbazen plus vacuno x 800cc.', 3, 0, 1),
(1152, 'valbazen plus x 30cc.', 3, 0, 1),
(1153, 'valbazen vacuno x 1lt.', 3, 0, 1),
(1154, 'valbazen vacuno x 250cc.', 3, 0, 1),
(1155, 'valbazen x 30ml. simple', 3, 0, 1),
(1156, 'valvula 404294', 3, 0, 1),
(1157, 'valvula 448443', 3, 0, 1),
(1158, 'valvula chorro ancho solo', 3, 0, 1),
(1159, 'valvula de camara jacto', 3, 0, 1),
(1160, 'valvula de cilindro jacto', 3, 0, 1),
(1161, 'valvula de ventilacion 855225', 3, 0, 1),
(1162, 'valvula p/b530 - es726 813401', 3, 0, 1),
(1163, 'valvula p/es726 404294', 3, 0, 1),
(1164, 'varilla / asta de accionamiento jacto', 3, 0, 1),
(1165, 'varilla x 6mt. shindaiwa completo', 3, 0, 1),
(1166, 'verango sc 500 x lt', 3, 0, 1),
(1167, 'verismo sc x 500ml', 3, 0, 1),
(1168, 'verismo x 1 l.', 3, 0, 1),
(1169, 'verlaq x 1 litro', 3, 0, 1),
(1170, 'verlaq x 250ml.', 3, 0, 1),
(1171, 'vermitab x pastilla', 3, 0, 1),
(1172, 'vertimec x 250ml.', 3, 0, 1),
(1173, 'vicia * 1 kg.', 3, 0, 1),
(1174, 'vicia * 1/2 kg.', 3, 0, 1),
(1175, 'vicia * 1/4 kg.', 3, 0, 1),
(1176, 'vigantol ade x 25ml.', 3, 0, 1),
(1177, 'vigantol ade x 50ml.', 3, 0, 1),
(1178, 'vitaflo x 1lt', 3, 0, 1),
(1179, 'vitaflo x 250ml.', 3, 0, 1),
(1180, 'vitaflo x 500ml.', 3, 0, 1),
(1181, 'vitafol 12-10-55 x kg', 3, 0, 1),
(1182, 'vitafol 12-55-10 x 1kg', 3, 0, 1),
(1183, 'vitafol plus 10-55-10 x 1 kg', 3, 0, 1),
(1184, 'vitafol plus 20-20-20-x 1kg', 3, 0, 1),
(1185, 'vitafol plus 35-10-10 x 1 kg', 3, 0, 1),
(1186, 'vital w x lt', 3, 0, 1),
(1187, 'vitavax x 100grs.', 3, 0, 1),
(1188, 'vitavax x 1kg.', 3, 0, 1),
(1189, 'vitavax x 200grs.', 3, 0, 1),
(1190, 'vydate x 10lts.', 3, 0, 1),
(1191, 'vydate x 1lt.', 3, 0, 1),
(1192, 'vydate x 20 lt', 3, 0, 1),
(1193, 'vydate x 250ml.', 3, 0, 1),
(1194, 'vydate x 500ml.', 3, 0, 1),
(1195, 'wett?oil x 1lt.', 3, 0, 1),
(1196, 'wettex x 1lt.', 3, 0, 1),
(1197, 'wettex x 250ml.', 3, 0, 1),
(1198, 'wettex x 500ml.', 3, 0, 1),
(1199, 'winner x 100grs.', 3, 0, 1),
(1200, 'wuxal ascofol x l litro', 3, 0, 1),
(1201, 'wuxal ascofol x 25 lts', 3, 0, 1),
(1202, 'wuxal boro x 1lt.', 3, 0, 1),
(1203, 'wuxal calcio x 10 lts.', 3, 0, 1),
(1204, 'wuxal calcio x 1lt.', 3, 0, 1),
(1205, 'wuxal combi mg x 1lt.', 3, 0, 1),
(1206, 'wuxal doble x 10lts.', 3, 0, 1),
(1207, 'wuxal doble x 1lt.', 3, 0, 1),
(1208, 'wuxal doble x 5lts.', 3, 0, 1),
(1209, 'wuxal fosforo x lt', 3, 0, 1),
(1210, 'wuxal microplant x lt', 3, 0, 1),
(1211, 'wuxal potasio x 10lts.', 3, 0, 1),
(1212, 'wuxal potasio x 1lt.', 3, 0, 1),
(1213, 'wuxal potasio x 5lts.', 3, 0, 1),
(1214, 'xipronil x 200 ml', 3, 0, 1),
(1215, 'yaraliva nitrabor x 25 kg', 3, 0, 1),
(1216, 'yaramila complex npk 12-11-18 x 50 kg', 3, 0, 1),
(1217, 'yaramila integrador npk 15-09-20 x 50 kg', 3, 0, 1),
(1218, 'yarda 500 wp x 200 grs', 3, 0, 1),
(1219, 'yarda 500 wp x kg', 3, 0, 1),
(1220, 'zampro x 1 lt', 3, 0, 1),
(1221, 'zanahoria bonanza x 500 grs', 3, 0, 1),
(1222, 'zanahoria cardif x 250000', 3, 0, 1),
(1223, 'zanahoria cardiff f1 x 500000 semillas', 3, 0, 1),
(1224, 'zanahoria carson x 250000', 3, 0, 1),
(1225, 'zanahoria carson x 250mx.', 3, 0, 1),
(1226, 'zanahoria cascade f1 x 250000', 3, 0, 1),
(1227, 'zanahoria chant. royal clause * 1/2 kg.', 3, 0, 1),
(1228, 'zanahoria cordoba f1 x 500000 semillas', 3, 0, 1),
(1229, 'zanahoria cordoba x 500000', 3, 0, 1),
(1230, 'zanahoria cumbre x 100 mx', 3, 0, 1),
(1231, 'zanahoria cupar hibrida x 250000', 3, 0, 1),
(1232, 'zanahoria cupar x 250mx', 3, 0, 1),
(1233, 'zanahoria edena * 1/2 kg.', 3, 0, 1),
(1234, 'zanahoria emerald * 1/2 kg.', 3, 0, 1),
(1235, 'zanahoria flores * 1/2 kg.', 3, 0, 1),
(1236, 'zanahoria hibrida abaco x 454grs.', 3, 0, 1),
(1237, 'zanahoria hibrida abledo x 500grs.', 3, 0, 1),
(1238, 'zanahoria hortus x 500 grs.', 3, 0, 1),
(1239, 'zanahoria p.s. * 1/2 kg.', 3, 0, 1),
(1240, 'zanahoria san martin x 500 gr', 3, 0, 1),
(1241, 'zanahoria santa cruz 500 gr.', 3, 0, 1),
(1242, 'zanahoria seminis * 1 lb.', 3, 0, 1),
(1243, 'zanahoria taki * 1/2 kg.', 3, 0, 1),
(1244, 'zanahoria taky hibrida x 300grs.', 3, 0, 1),
(1245, 'zanahoria westar x 500 gr.', 3, 0, 1),
(1246, 'zapallo flores * 1/2 kg.', 3, 0, 1),
(1247, 'zapallo flores x 200 grs.', 3, 0, 1),
(1248, 'zapallo macre suelto x 1 kg', 3, 0, 1),
(1249, 'zapata del embrague completo p/es726 (802500)', 3, 0, 1),
(1250, 'zelek x 500ml', 3, 0, 1),
(1251, 'zolinex x 250ml.', 3, 0, 1),
(1252, 'zolinex x 500ml.', 3, 0, 1),
(1253, 'zuletel iny x 20ml.', 3, 0, 1);

-- --------------------------------------------------------

--
-- Estructura de tabla para la tabla `unidades`
--

CREATE TABLE `unidades` (
  `idUnidad` int(11) NOT NULL,
  `undDescipcion` varchar(250) NOT NULL,
  `undSunat` varchar(10) NOT NULL,
  `undCorto` varchar(10) NOT NULL,
  `undActivo` int(11) NOT NULL DEFAULT '1' COMMENT '1 activo/ 0 inactivo'
) ENGINE=InnoDB DEFAULT CHARSET=latin1;

--
-- Volcado de datos para la tabla `unidades`
--

INSERT INTO `unidades` (`idUnidad`, `undDescipcion`, `undSunat`, `undCorto`, `undActivo`) VALUES
(1, 'Gal贸n', 'GLI', 'GAL', 1),
(2, 'Litro', 'LTR', 'LTR', 1),
(3, 'Unidad', 'NIU', 'UND', 1);

--
-- ndices para tablas volcadas
--

--
-- Indices de la tabla `clientes`
--
ALTER TABLE `clientes`
  ADD PRIMARY KEY (`idCliente`);

--
-- Indices de la tabla `fact_cabecera`
--
ALTER TABLE `fact_cabecera`
  ADD PRIMARY KEY (`idComprobante`);

--
-- Indices de la tabla `fact_detalle`
--
ALTER TABLE `fact_detalle`
  ADD PRIMARY KEY (`codItem`);

--
-- Indices de la tabla `productos`
--
ALTER TABLE `productos`
  ADD PRIMARY KEY (`idProductos`);

--
-- Indices de la tabla `unidades`
--
ALTER TABLE `unidades`
  ADD PRIMARY KEY (`idUnidad`);

--
-- AUTO_INCREMENT de las tablas volcadas
--

--
-- AUTO_INCREMENT de la tabla `clientes`
--
ALTER TABLE `clientes`
  MODIFY `idCliente` int(11) NOT NULL AUTO_INCREMENT, AUTO_INCREMENT=8;

--
-- AUTO_INCREMENT de la tabla `fact_cabecera`
--
ALTER TABLE `fact_cabecera`
  MODIFY `idComprobante` int(11) NOT NULL AUTO_INCREMENT, AUTO_INCREMENT=59;

--
-- AUTO_INCREMENT de la tabla `fact_detalle`
--
ALTER TABLE `fact_detalle`
  MODIFY `codItem` int(11) NOT NULL AUTO_INCREMENT, AUTO_INCREMENT=79;

--
-- AUTO_INCREMENT de la tabla `productos`
--
ALTER TABLE `productos`
  MODIFY `idProductos` int(11) NOT NULL AUTO_INCREMENT, AUTO_INCREMENT=1254;

--
-- AUTO_INCREMENT de la tabla `unidades`
--
ALTER TABLE `unidades`
  MODIFY `idUnidad` int(11) NOT NULL AUTO_INCREMENT, AUTO_INCREMENT=4;
COMMIT;

/*!40101 SET CHARACTER_SET_CLIENT=@OLD_CHARACTER_SET_CLIENT */;
/*!40101 SET CHARACTER_SET_RESULTS=@OLD_CHARACTER_SET_RESULTS */;
/*!40101 SET COLLATION_CONNECTION=@OLD_COLLATION_CONNECTION */;
